VOTER; AV_NDA; AV_MLP; AV_EM; AV_BH; AV_NA; AV_PP; AV_JC; AV_JL; AV_JLM; AV_FA; AV_FF;AV_BLANCK;AV_SPOILED; EV03_NDA; EV03_MLP; EV03_EM; EV03_BH; EV03_NA; EV03_PP; EV03_JC; EV03_JL; EV03_JLM; EV03_FA; EV03_FF; EV03_BLANK; EV03_SPOILED; EV05_NDA; EV05_MLP; EV05_EM; EV05_BH; EV05_NA; EV05_PP; EV05_JC; EV05_JL; EV05_JLM; EV05_FA; EV05_FF; EV05_BLANK; EV05_SPOILED; AV_OPINION; EV_OPINION;GENDER;18-29;30-39;40-49;50-59;60-69;70+;OFFIC
1;1;1;;;;;;;;;;;;3;3;0;0;0;0;1;0;0;0;0;0;0;;;;;;;;;;;;;;0;0;2;0;1;0;0;0;0;1
2;;1;;;;1;;;;;;;;0;3;0;0;0;2;0;0;0;0;0;0;0;;;;;;;;;;;;;;0;0;0;0;0;0;0;0;0;
3;;;1;1;;;;;1;1;;;;0;0;1;3;0;0;0;0;2;1;0;0;0;;;;;;;;;;;;;;1;1;2;0;0;0;1;0;0;4
4;;;;;;;;;;;;1;;0;0;0;0;0;0;0;0;0;0;0;1;0;;;;;;;;;;;;;;1;0;2;0;0;0;1;0;0;12
5;;;;;;1;;;1;;;;;0;0;0;1;1;2;0;0;2;0;0;0;0;;;;;;;;;;;;;;0;0;2;0;1;0;0;0;0;9
6;;1;1;;;;;;;;;;;0;1;3;1;0;0;0;0;0;0;1;0;0;;;;;;;;;;;;;;1;0;2;0;0;0;0;0;1;2
7;;;1;;;;;;1;;1;;;0;0;1;1;0;0;0;0;2;0;1;0;0;;;;;;;;;;;;;;0;1;1;1;0;0;0;0;0;9
8;1;1;;;;;;;;;1;;;2;1;0;0;0;0;0;0;0;0;3;0;0;;;;;;;;;;;;;;0;1;1;0;0;0;1;0;0;11
9;;;;1;;;;;;;;;;0;0;2;3;1;1;0;0;1;0;0;0;0;;;;;;;;;;;;;;0;1;2;0;0;0;1;0;0;3
10;;;;1;1;1;1;;1;;;;;0;0;1;3;2;2;2;1;3;0;0;0;0;;;;;;;;;;;;;;1;1;2;1;0;0;0;0;0;9
11;;;;1;;;;;;;;;;0;0;1;3;0;0;0;0;2;0;0;0;0;;;;;;;;;;;;;;1;1;1;0;1;0;0;0;0;4
12;;;;1;;;;;1;;;;;0;0;2;3;1;2;0;1;2;0;0;0;0;;;;;;;;;;;;;;1;1;2;1;0;0;0;0;0;4
13;;;1;;;;;;1;;;;;0;0;3;0;0;0;0;0;2;0;0;0;0;;;;;;;;;;;;;;0;0;2;0;0;1;0;0;0;3
14;;;;1;;;;;1;;;;;1;0;2;3;1;1;0;2;3;0;0;0;0;;;;;;;;;;;;;;0;1;2;0;0;0;0;1;0;4
15;;;;1;;;;;1;;;;;0;0;1;3;0;0;0;0;2;0;0;0;0;;;;;;;;;;;;;;0;1;1;0;0;0;0;1;0;3
16;;;;1;;;;;1;;;;;0;0;2;3;1;1;0;0;3;0;0;0;0;;;;;;;;;;;;;;0;1;1;1;0;0;0;0;0;4
17;;;;1;;;;;;;;;;0;0;0;3;0;1;0;1;0;0;0;0;0;;;;;;;;;;;;;;1;1;2;0;0;0;1;0;0;4
18;;;1;1;1;1;;;1;;;;;1;0;2;3;1;3;1;0;3;1;0;0;0;;;;;;;;;;;;;;0;1;2;1;0;0;0;0;0;4
19;;;;1;1;1;;;1;;;;;0;0;2;3;2;2;0;0;3;0;0;0;0;;;;;;;;;;;;;;1;1;1;0;0;0;1;0;0;9
20;;;1;1;;;;;;;1;;;1;0;2;2;1;1;1;1;0;1;3;0;0;;;;;;;;;;;;;;0;1;2;0;0;0;0;1;0;11
21;;;1;;;;;;;;1;;;2;0;3;2;0;0;0;0;1;0;3;0;0;;;;;;;;;;;;;;1;1;1;0;0;0;0;1;0;11
22;;;;1;;;;;1;;;;;0;0;1;2;1;1;0;0;3;0;0;0;0;;;;;;;;;;;;;;0;1;2;0;0;0;0;1;0;9
23;;;;;;;;;;;;1;;1;0;2;3;2;2;2;2;3;2;0;0;0;;;;;;;;;;;;;;0;0;0;0;0;0;0;0;0;
24;;;;;1;1;;;;1;;;;0;0;1;2;3;3;1;0;2;3;0;0;0;;;;;;;;;;;;;;0;1;1;0;0;0;1;0;0;10
25;;;;;;;;;;;;;1;0;2;0;0;0;0;0;0;2;0;3;0;0;;;;;;;;;;;;;;0;1;2;0;0;0;0;0;1;11
26;;;;;;;;;1;;;;;0;0;1;2;1;1;1;1;3;0;0;0;0;;;;;;;;;;;;;;0;1;1;0;0;1;0;0;0;9
27;;;1;1;;1;;;;;;;;0;0;2;3;0;1;0;0;0;0;0;0;0;;;;;;;;;;;;;;1;0;2;0;0;0;0;1;0;4
28;;;1;1;;;;;1;;;;;0;0;3;3;1;0;0;0;2;0;0;0;0;;;;;;;;;;;;;;0;1;2;0;0;0;0;1;0;3
29;;;1;1;;;;;1;;;;;0;0;1;3;0;0;0;0;2;0;0;0;0;;;;;;;;;;;;;;1;1;2;0;1;0;0;0;0;4
30;;;;1;1;;;;1;;;;;0;1;1;2;2;1;0;0;3;0;1;0;0;;;;;;;;;;;;;;0;1;1;0;1;0;0;0;0;9
31;1;;1;;;;;;;;1;;;1;0;3;1;0;0;0;0;0;0;3;0;0;;;;;;;;;;;;;;1;0;1;0;0;0;0;0;1;3
32;1;1;1;;;;;;;;1;;;1;2;3;2;0;0;0;0;0;0;3;0;0;;;;;;;;;;;;;;0;1;2;0;0;0;0;1;0;
33;;1;;;;;;;;;;;;0;3;0;0;0;0;0;0;0;0;0;0;0;;;;;;;;;;;;;;1;0;1;0;1;0;0;0;0;2
34;;;;1;1;1;;;1;;;;;0;0;0;1;1;2;0;0;3;0;0;0;0;;;;;;;;;;;;;;1;1;1;0;1;0;0;0;0;6
35;;;;1;;;;;1;;;;;0;0;1;2;1;0;0;0;3;0;1;0;0;;;;;;;;;;;;;;0;1;2;0;1;0;0;0;0;9
36;;;1;1;;;;;1;;;;;0;0;2;3;1;1;0;0;2;0;0;0;0;;;;;;;;;;;;;;1;1;2;0;0;1;0;0;0;3
37;;;1;1;;;;;1;;;;;0;0;3;3;0;3;0;2;3;0;0;0;0;;;;;;;;;;;;;;1;1;2;0;0;1;0;0;0;3
38;;;;1;1;1;;;1;;;;;0;0;0;2;1;1;0;0;3;0;0;0;0;;;;;;;;;;;;;;0;0;2;0;0;1;0;0;0;9
39;;;1;1;;;;;1;;;;;0;0;1;3;2;1;0;0;2;0;0;0;0;;;;;;;;;;;;;;0;1;2;0;0;0;0;0;1;4
40;;;1;1;1;;;;1;;;;;0;0;2;3;2;1;0;0;2;0;0;0;0;;;;;;;;;;;;;;0;1;1;0;1;0;0;0;0;4
41;;;;1;;;;;1;;;;;1;0;2;3;0;1;0;0;3;0;0;0;0;;;;;;;;;;;;;;0;1;2;1;0;0;0;0;0;4
42;;;;1;;;;;1;;;;;0;0;2;3;1;1;0;0;3;0;0;0;0;;;;;;;;;;;;;;1;0;2;0;0;0;0;1;0;9
43;;;1;;1;1;;;1;;;;;0;0;1;0;1;1;0;0;2;0;0;0;0;;;;;;;;;;;;;;0;0;2;0;0;1;0;0;0;9
44;;;1;1;;;;;1;;;;;0;0;2;2;0;0;0;0;1;0;0;0;0;;;;;;;;;;;;;;1;0;2;0;0;0;1;0;0;3
45;;;1;;;;;;1;;;;;0;0;2;0;0;0;0;0;3;0;0;0;0;;;;;;;;;;;;;;0;0;2;0;0;0;0;1;0;9
46;;;1;1;;;;;;;;;;0;0;3;3;0;0;0;0;2;0;0;0;0;;;;;;;;;;;;;;1;1;2;0;0;0;1;0;0;4
47;;1;;;;;;;1;;;;;0;2;1;2;0;0;0;0;2;0;0;0;0;;;;;;;;;;;;;;0;0;2;0;0;0;0;1;0;9
48;;;1;1;;1;;;1;;;;;0;2;0;3;2;0;0;0;2;0;0;0;0;;;;;;;;;;;;;;1;0;1;0;0;0;0;1;0;4
49;;;;1;;1;;1;1;;;;;0;0;0;2;0;2;1;2;3;1;0;0;0;;;;;;;;;;;;;;1;0;2;1;0;0;0;0;0;9
50;;;1;;;;;;;;;;;2;0;3;1;0;0;0;0;2;0;2;0;0;;;;;;;;;;;;;;0;0;1;0;0;0;0;1;0;3
51;;;;;;;;;1;;;;;0;0;0;0;0;0;0;0;3;0;0;0;0;;;;;;;;;;;;;;0;0;0;0;0;0;0;0;0;9
52;;;1;;;;;;;;;;;0;0;3;0;0;0;0;0;0;0;0;0;0;;;;;;;;;;;;;;0;0;1;0;0;0;0;0;0;3
53;1;1;;;1;1;;;1;1;;;;3;3;0;0;1;1;0;0;1;2;0;0;0;;;;;;;;;;;;;;0;0;1;0;0;0;0;1;0;2
54;;;;1;1;1;;;1;;;;;0;0;1;3;3;2;1;1;3;1;0;0;0;;;;;;;;;;;;;;0;1;2;0;0;0;0;1;0;9
55;;;;1;;;;;1;;;;;0;0;1;2;1;0;0;0;2;0;0;0;0;;;;;;;;;;;;;;1;0;1;0;0;1;0;0;0;9
56;;;1;1;;;;;;;;;;0;0;3;2;0;0;0;0;1;0;0;0;0;;;;;;;;;;;;;;0;1;1;0;0;1;0;0;0;3
57;;;;1;;;;;1;;;;;0;0;0;2;0;0;0;0;3;0;0;0;0;;;;;;;;;;;;;;1;1;1;0;1;0;0;0;0;9
58;;1;;;;;;;;;1;;;0;3;0;1;0;0;0;0;0;0;2;0;0;;;;;;;;;;;;;;0;1;2;0;1;0;0;0;0;2
59;;1;;;;;;;;;;;;0;3;0;0;0;0;0;0;1;0;0;0;0;;;;;;;;;;;;;;1;0;1;0;0;0;0;0;1;2
60;;;;;;;;;;;;1;;0;0;0;0;0;0;0;0;0;0;0;1;0;;;;;;;;;;;;;;0;0;0;0;0;0;0;0;0;9
61;;;1;1;;;;;;;;;;0;0;3;2;0;0;0;0;0;0;0;0;0;;;;;;;;;;;;;;0;0;1;0;0;0;0;0;0;
62;;;1;1;;;;;1;;;;;0;0;3;1;0;0;0;0;2;0;0;0;0;;;;;;;;;;;;;;0;1;2;0;0;0;0;1;0;3
63;;;;;;;;;;;1;;;0;0;1;0;0;0;0;0;0;0;3;0;0;;;;;;;;;;;;;;1;0;1;0;1;0;0;0;0;11
64;;1;;;;;;;;;;;;0;3;0;0;0;0;0;0;0;0;0;0;0;;;;;;;;;;;;;;0;0;0;0;0;0;0;0;0;2
65;;;;1;;;1;;1;;;;;1;0;1;3;0;1;2;0;2;0;0;0;0;;;;;;;;;;;;;;0;1;1;0;1;0;0;0;0;4
66;;;;;;;;;;;;1;;0;0;0;0;0;0;0;0;0;0;0;1;0;;;;;;;;;;;;;;0;0;0;0;0;0;0;0;0;
67;1;;1;1;;;;;;;1;;;2;0;3;1;0;0;0;0;1;0;2;0;0;;;;;;;;;;;;;;0;1;2;1;0;0;0;0;0;3
68;;;;;;;;;1;;;;;0;0;0;0;0;0;0;0;3;0;0;0;0;;;;;;;;;;;;;;1;0;1;1;0;0;0;0;0;9
69;;;;;;;;;;;;1;;0;0;0;0;0;0;0;0;0;0;0;1;0;;;;;;;;;;;;;;0;0;1;1;0;0;0;0;0;12
70;1;;1;1;;;;;;;;;;1;0;3;2;0;0;0;0;0;0;0;0;0;;;;;;;;;;;;;;0;1;2;0;0;0;1;0;0;12
71;;;1;;;;;;;;;;;0;0;3;0;0;0;0;0;0;0;0;0;0;;;;;;;;;;;;;;0;1;2;0;1;0;0;0;0;3
72;;;;1;;;;;1;;;;;0;0;0;3;0;0;0;0;3;0;0;0;0;;;;;;;;;;;;;;1;1;2;1;0;0;0;0;0;9
73;;;;;;;;;1;;;;;0;0;1;2;1;1;0;0;3;1;0;0;0;;;;;;;;;;;;;;1;1;2;1;0;0;0;0;0;9
74;;;;1;;;;;1;;;;;0;0;1;3;1;2;0;0;3;0;0;0;0;;;;;;;;;;;;;;1;0;2;1;0;0;0;0;0;9
75;;;1;;;;;;;;;;;0;0;3;2;1;1;0;1;1;0;0;0;0;;;;;;;;;;;;;;0;0;0;0;0;0;0;0;0;3
76;;;;;;;;;;;1;;;0;0;1;0;0;0;0;0;0;0;2;0;0;;;;;;;;;;;;;;1;0;1;0;0;0;0;1;0;11
77;;;1;;;;;;;;;;;0;0;3;0;0;0;0;0;0;0;0;0;0;;;;;;;;;;;;;;1;1;1;0;0;0;0;0;1;3
78;;;;1;1;1;;;1;;;;;0;0;1;3;2;2;0;0;3;0;0;0;0;;;;;;;;;;;;;;1;0;2;0;1;0;0;0;0;9
79;;;;1;;;;;1;;;;;0;2;1;3;0;0;0;0;3;0;0;0;0;;;;;;;;;;;;;;1;0;2;1;0;0;0;0;0;4
80;;;;1;1;1;;;1;;;;;0;0;1;2;2;3;0;0;3;0;0;0;0;;;;;;;;;;;;;;1;1;1;0;1;0;0;0;0;9
81;;;1;1;;;;;1;;;;;0;0;1;3;0;0;0;0;2;0;0;0;0;;;;;;;;;;;;;;1;1;1;1;0;0;0;0;0;9
82;;1;1;;;;;;;;1;;;1;1;3;0;0;0;0;0;2;0;0;0;0;;;;;;;;;;;;;;0;0;0;0;0;0;0;0;0;3
83;;;;1;;1;;;;;;;;0;0;1;3;2;2;0;1;1;0;0;0;0;;;;;;;;;;;;;;0;1;1;0;0;0;0;0;1;4
84;1;;1;1;1;1;;;1;;;;;0;0;1;1;1;1;0;0;0;0;0;0;0;;;;;;;;;;;;;;1;0;1;0;0;0;1;0;0;3
85;;;;;1;1;;;1;;;;;1;0;0;2;3;3;1;2;3;0;0;0;0;;;;;;;;;;;;;;1;1;1;0;0;0;0;0;1;9
86;;;1;1;;;;;1;;1;;;0;0;2;2;0;0;0;0;2;0;2;0;0;;;;;;;;;;;;;;0;1;2;0;1;0;0;0;0;11
87;;;1;;;;;;;;;;;0;0;3;1;0;1;0;0;1;0;0;0;0;;;;;;;;;;;;;;1;1;2;0;0;0;0;1;0;3
88;;;;1;;;;;1;;;;;0;0;0;3;0;0;0;0;3;0;0;0;0;;;;;;;;;;;;;;1;1;2;0;0;0;0;1;0;9
89;;;1;1;;1;;;;;;;;0;1;3;1;0;1;0;0;1;1;0;0;0;;;;;;;;;;;;;;1;0;1;0;1;0;0;0;0;6
90;;;1;;;;;;;;;;;0;0;3;0;0;0;0;0;0;0;0;0;0;;;;;;;;;;;;;;0;1;1;1;0;0;0;0;0;3
91;1;1;1;;;;;;;;;;;3;2;2;0;0;0;0;0;0;0;0;0;0;;;;;;;;;;;;;;1;0;2;0;0;0;0;1;0;3
92;;;;1;;1;;;1;;;;;0;0;0;2;1;3;0;0;3;0;0;0;0;;;;;;;;;;;;;;1;1;2;0;1;0;0;0;0;9
93;;;;;1;;;;;;;;;2;0;0;0;3;0;0;0;0;0;0;0;0;;;;;;;;;;;;;;0;0;2;0;0;0;0;1;0;5
94;;;;;1;1;;;1;;;;;0;0;0;1;2;3;0;0;2;0;0;0;0;;;;;;;;;;;;;;0;1;1;1;0;0;0;0;0;9
95;;1;1;;;;;;;;1;;;0;3;1;0;0;0;0;0;0;0;2;0;0;;;;;;;;;;;;;;1;0;2;0;0;1;0;0;0;2
96;;;;1;1;;;;1;;;;;1;2;2;3;3;3;2;2;3;2;0;0;0;;;;;;;;;;;;;;1;0;1;0;0;0;1;0;0;9
97;1;;;;;;;;;;;;;3;0;0;2;1;1;1;1;2;2;0;0;0;;;;;;;;;;;;;;0;1;2;0;0;0;1;0;0;1
98;;;1;;;;;;;;;;;0;0;3;0;0;0;0;0;0;0;0;0;0;;;;;;;;;;;;;;0;0;0;0;0;0;0;0;0;3
99;1;;;1;;;;;;;;;;2;0;0;3;0;0;0;0;0;0;0;0;0;;;;;;;;;;;;;;1;0;1;1;0;0;0;0;0;4
100;;;;;1;1;;;1;;;;;0;2;0;0;1;0;0;0;3;0;0;0;0;;;;;;;;;;;;;;1;0;2;0;0;0;0;1;0;9
101;;;1;1;1;1;;;1;;;;;0;0;1;2;1;1;0;1;2;0;0;0;0;;;;;;;;;;;;;;0;1;2;1;0;0;0;0;0;9
102;;;;1;1;1;;;1;;;;;0;0;1;3;2;3;1;1;3;1;0;0;0;;;;;;;;;;;;;;0;1;1;0;0;0;0;1;0;4
103;;;;;;;;;;;;;1;1;1;1;1;1;1;1;1;3;1;1;0;0;;;;;;;;;;;;;;1;0;2;0;1;0;0;0;0;9
104;;1;;;;;;;;1;;;;2;3;0;0;0;0;0;1;0;3;1;0;0;;;;;;;;;;;;;;0;0;0;0;0;0;0;0;0;
105;;;;1;;;;;1;;;;;1;0;0;2;0;0;0;1;3;0;0;0;0;;;;;;;;;;;;;;0;0;1;1;0;0;0;0;0;9
106;;1;1;;;;;;;;;;;0;3;3;0;0;0;0;0;0;0;0;0;0;;;;;;;;;;;;;;1;0;2;0;0;0;0;1;0;2
107;;;1;1;;;;;;;;;;0;0;3;2;0;0;0;0;0;0;0;0;0;;;;;;;;;;;;;;0;1;1;0;0;0;0;1;0;3
108;;;;1;;;;;1;;;;;1;0;2;3;1;2;1;1;3;1;0;0;0;;;;;;;;;;;;;;0;1;2;0;0;0;0;1;0;9
109;;;1;;;;;;1;;;;;0;0;2;0;0;0;0;0;3;0;0;0;0;;;;;;;;;;;;;;0;1;2;0;1;0;0;0;0;9
110;;;1;1;;;;;1;;;;;0;0;2;2;1;1;0;1;3;0;0;0;0;;;;;;;;;;;;;;0;1;1;0;0;0;1;0;0;3
111;1;;1;;;;;;;;1;;;2;0;2;0;0;0;1;0;0;0;3;0;0;;;;;;;;;;;;;;0;1;1;0;0;0;1;0;0;11
112;;;;1;;;;1;1;;;;;0;0;1;3;1;2;0;2;3;0;0;0;0;;;;;;;;;;;;;;0;0;1;1;0;0;0;0;0;9
113;;;;1;;;;;;;1;;;0;0;1;2;1;1;0;0;0;0;2;0;0;;;;;;;;;;;;;;0;1;2;1;0;0;0;0;0;11
114;;;1;1;;;;;;;;;;0;0;2;1;0;0;0;0;0;0;0;0;0;;;;;;;;;;;;;;0;0;2;1;0;0;0;0;0;3
115;;;;1;;;;;;;;;;0;0;1;3;0;0;0;0;1;0;0;0;0;;;;;;;;;;;;;;1;0;1;1;0;0;0;0;0;4
116;;;1;1;;;;;1;;;;;0;0;3;2;0;0;0;0;3;0;0;0;0;;;;;;;;;;;;;;1;1;2;0;0;0;0;1;0;3
117;;;;1;;;;;1;;;;;0;0;0;2;1;1;0;0;2;0;0;0;0;;;;;;;;;;;;;;1;1;1;1;0;0;0;0;0;9
118;;1;;;;1;;;1;;;;;1;3;0;0;1;1;0;0;3;0;0;0;0;;;;;;;;;;;;;;1;1;2;0;0;1;0;0;0;2
119;;;;1;1;1;;;1;;;;;0;0;0;3;3;3;1;1;3;0;0;0;0;;;;;;;;;;;;;;1;0;1;0;0;1;0;0;0;9
120;;;1;1;;;;;;;1;;;0;0;1;3;0;0;0;0;0;0;2;0;0;;;;;;;;;;;;;;0;0;0;0;0;0;0;0;0;
121;;;1;1;;;;;;;;;;0;0;3;2;0;0;0;0;0;0;0;0;0;;;;;;;;;;;;;;1;1;2;0;0;0;0;1;0;3
122;;;1;1;;;;;1;;;;;0;0;1;2;0;0;0;0;3;0;0;0;0;;;;;;;;;;;;;;1;0;2;0;0;1;0;0;0;9
123;;;;1;;;;;1;;;;;0;0;1;2;0;1;0;0;3;0;0;0;0;;;;;;;;;;;;;;1;0;1;1;0;0;0;0;0;9
124;;;1;;;;;;;;;;;0;0;3;1;0;1;0;0;1;0;0;0;0;;;;;;;;;;;;;;0;1;2;0;0;0;1;0;0;3
125;;;1;;;1;;;1;;;;;0;1;3;1;0;1;0;0;3;0;0;0;0;;;;;;;;;;;;;;0;1;2;1;0;0;0;0;0;3
126;;;;;;;;;1;;;;;0;0;0;0;0;0;0;2;3;0;0;0;0;;;;;;;;;;;;;;0;0;1;0;0;0;1;0;0;9
127;;;1;1;;;;;1;;;;;1;0;3;1;0;0;0;0;2;0;0;0;0;;;;;;;;;;;;;;0;1;1;0;1;0;0;0;0;3
128;;;1;1;;1;;;1;;;;;0;0;2;1;1;1;0;0;3;0;0;0;0;;;;;;;;;;;;;;0;1;1;0;0;1;0;0;0;9
129;;;;1;;;;;1;;;;;0;0;0;2;1;1;0;1;3;0;0;0;0;;;;;;;;;;;;;;0;1;2;1;0;0;0;0;0;9
130;;;1;1;;;;;;;1;;;1;2;3;0;0;1;0;0;1;0;2;0;0;;;;;;;;;;;;;;0;1;2;0;0;0;0;1;0;3
131;;;1;1;;;;;;;;;;1;0;3;2;1;0;1;1;2;1;0;0;0;;;;;;;;;;;;;;1;1;2;1;0;0;0;0;0;3
132;;;1;1;1;;;;;;;;;0;0;3;3;2;2;0;0;2;0;0;0;0;;;;;;;;;;;;;;1;1;2;0;0;0;0;0;1;3
133;;1;;;;;;;1;;1;;;0;2;0;0;0;0;0;0;1;0;3;0;0;;;;;;;;;;;;;;0;1;1;0;0;0;0;0;1;11
134;;;;;;;;;;;;1;;1;0;3;1;0;0;0;0;1;0;0;0;0;;;;;;;;;;;;;;0;0;0;0;0;0;0;0;0;3
135;;;1;;;;1;;1;;;;;0;0;2;2;0;0;0;0;3;0;0;0;0;;;;;;;;;;;;;;0;0;2;0;0;0;0;1;0;9
136;;;1;1;;1;;;;;;;;2;0;3;3;1;1;2;3;2;1;0;0;0;;;;;;;;;;;;;;1;0;2;1;0;0;0;0;0;4
137;;;;1;1;1;;;1;;;;;0;0;0;3;3;3;0;0;2;0;0;0;0;;;;;;;;;;;;;;0;1;2;0;0;0;0;1;0;4
138;;;1;1;;;;;1;;;;;0;0;2;2;1;1;0;0;2;0;0;0;0;;;;;;;;;;;;;;0;1;1;0;0;1;0;0;0;4
139;1;;1;1;;;1;1;;;1;;;1;1;1;3;0;0;1;1;0;1;2;0;0;;;;;;;;;;;;;;1;1;1;0;0;1;0;0;0;4
140;;;;;1;1;;;1;;;;;0;0;0;1;2;3;0;0;3;0;0;0;0;;;;;;;;;;;;;;1;1;2;1;0;0;0;0;0;9
141;;;1;;;;;;;;;;;0;0;2;1;0;0;0;0;0;0;1;0;0;;;;;;;;;;;;;;0;0;2;0;0;0;0;1;0;12
142;1;1;;;;;;;;;;;;2;3;0;0;0;0;0;2;0;0;0;0;0;;;;;;;;;;;;;;0;0;1;0;0;0;0;0;0;2
143;;;1;;;;;;;;;;;1;2;3;2;1;1;1;1;1;2;3;0;0;;;;;;;;;;;;;;0;0;2;0;0;0;0;0;0;3
144;;;;;;;;;;;;;1;1;3;0;0;0;0;0;0;0;0;2;0;0;;;;;;;;;;;;;;0;0;1;0;0;0;0;1;0;2
145;;;;1;;1;;;1;;;;;1;0;0;2;1;1;1;1;3;0;0;0;0;;;;;;;;;;;;;;0;1;1;1;0;0;0;0;0;9
146;1;1;1;;;;;;;;;;;2;3;3;1;0;0;0;0;0;0;2;0;0;;;;;;;;;;;;;;0;0;1;0;0;1;0;0;0;2
147;;;1;1;;;;;;;;;;0;0;2;3;0;0;0;0;0;0;2;0;0;;;;;;;;;;;;;;1;0;1;0;0;0;0;1;0;3
148;;;;;;;;;;;1;;;0;0;0;0;0;0;0;0;0;0;3;0;0;;;;;;;;;;;;;;0;0;0;0;0;0;0;0;0;11
149;;;1;;;;;1;;;;;;0;0;2;0;0;0;0;3;0;0;0;0;0;;;;;;;;;;;;;;1;0;2;0;0;1;0;0;0;8
150;;;;1;;1;;;1;;;;;0;0;0;2;1;2;0;1;3;0;0;0;0;;;;;;;;;;;;;;1;1;1;1;0;0;0;0;0;9
151;;;1;;;;;;;;1;;;1;0;3;0;0;0;0;0;0;0;3;0;0;;;;;;;;;;;;;;1;0;2;0;0;0;1;0;0;11
152;;;1;1;;;;;;;1;;;0;0;3;1;0;1;0;0;1;0;3;0;0;;;;;;;;;;;;;;0;0;2;0;0;0;0;1;0;
153;;;1;;;;;;;;;;;2;0;3;0;0;0;0;0;0;0;1;0;0;;;;;;;;;;;;;;1;0;2;0;0;0;0;0;0;3
154;;;;1;1;1;;;1;;;;;1;0;0;1;1;1;0;0;3;0;0;0;0;;;;;;;;;;;;;;0;1;1;0;0;1;0;0;0;9
155;;;1;1;;;;;1;;;;;0;0;3;2;0;0;0;0;2;0;0;0;0;;;;;;;;;;;;;;1;1;2;0;0;1;0;0;0;3
156;;;;;;;;;;;;1;;1;2;2;1;1;0;0;1;2;0;3;0;0;;;;;;;;;;;;;;0;1;2;0;0;0;0;0;1;11
157;;;1;1;1;;;;1;;1;;;0;0;0;0;0;0;0;0;0;0;0;1;0;;;;;;;;;;;;;;1;0;2;0;0;0;0;1;0;3
158;1;;1;;;;;;;;1;;;2;1;3;1;0;0;0;0;0;1;3;0;0;;;;;;;;;;;;;;0;0;1;1;0;0;0;0;0;3
159;;;1;1;;;;;;;;;;0;0;3;3;0;0;0;0;0;0;0;0;0;;;;;;;;;;;;;;1;0;2;0;0;0;0;0;1;3
160;;;1;;;;;;;;;;;0;0;2;3;0;0;0;0;0;0;0;0;0;;;;;;;;;;;;;;0;0;0;0;0;0;0;0;0;3
161;;;;1;;1;;;1;;;;;1;0;0;3;0;1;1;0;2;0;0;0;0;;;;;;;;;;;;;;0;1;2;1;0;0;0;0;0;4
162;;;1;;;;;;;;;;;1;0;3;1;1;1;0;0;2;1;1;0;0;;;;;;;;;;;;;;0;1;2;0;0;1;0;0;0;3
163;;;1;;;;;;;;;;;0;0;3;0;0;0;0;0;0;0;0;0;0;;;;;;;;;;;;;;1;1;1;0;1;0;0;0;0;3
164;;;1;1;;;;;1;;;;;0;0;2;3;1;1;0;2;3;1;0;0;0;;;;;;;;;;;;;;1;1;1;1;0;0;0;0;0;9
165;;;;;;;;;1;;;;;0;0;0;0;0;0;0;0;3;0;0;0;0;;;;;;;;;;;;;;1;0;1;1;0;0;0;0;0;9
166;;;;1;;;;;;;;;;0;0;0;3;0;0;0;0;0;0;0;0;0;;;;;;;;;;;;;;1;0;1;0;0;0;0;1;0;4
167;;1;;;;;1;;;;;;;0;2;0;0;0;0;2;0;1;0;0;0;0;;;;;;;;;;;;;;0;1;1;1;0;0;0;0;0;2
168;;;1;1;;;;;1;;;;;0;0;3;2;0;0;0;0;1;0;0;0;0;;;;;;;;;;;;;;0;1;1;0;0;0;0;1;0;3
169;;;1;1;;;;1;;;;;;0;0;2;3;0;0;0;1;2;0;1;0;0;;;;;;;;;;;;;;0;0;2;1;0;0;0;0;0;3
170;;;1;1;;;;;1;;1;;;0;0;3;3;0;0;0;1;2;0;2;0;0;;;;;;;;;;;;;;0;1;1;0;1;0;0;0;0;3
171;;;1;1;1;1;;1;1;;;;;0;0;3;3;1;1;0;1;2;0;0;0;0;;;;;;;;;;;;;;1;0;2;0;0;0;1;0;0;3
172;;;;1;1;1;;1;1;;;;;0;0;0;2;1;1;0;1;2;0;0;0;0;;;;;;;;;;;;;;1;1;2;0;0;0;1;0;0;9
173;;;;;;;;;;;1;;;0;1;2;0;0;0;0;1;1;0;2;0;0;;;;;;;;;;;;;;0;1;2;0;0;1;0;0;0;11
174;;;;;;1;;;1;;;;;0;0;0;0;0;1;0;0;3;0;0;0;0;;;;;;;;;;;;;;0;0;1;0;0;0;1;0;0;9
175;;;1;;;;;;1;;;;;0;0;0;2;0;0;0;0;3;0;0;0;0;;;;;;;;;;;;;;0;0;2;0;0;0;0;0;1;9
176;;;;;;;;;1;;;;;0;0;0;0;0;0;0;0;3;0;0;0;0;;;;;;;;;;;;;;0;1;2;0;0;1;0;0;0;9
177;;1;;;;;;;;;;;;0;3;0;0;0;0;0;0;0;0;0;0;0;;;;;;;;;;;;;;1;1;1;0;0;0;1;0;0;2
178;;;;;;;;;;;1;;;1;0;1;1;0;0;0;0;0;0;3;0;0;;;;;;;;;;;;;;1;1;2;0;0;0;0;1;0;11
179;;;;;;;;;;;;1;;0;3;0;0;0;0;0;0;0;0;0;0;0;;;;;;;;;;;;;;0;0;1;0;0;0;0;0;0;2
180;1;1;1;;;;;;;;1;;;1;1;1;0;0;0;0;0;0;0;3;0;0;;;;;;;;;;;;;;0;1;1;1;0;0;0;0;0;11
181;1;;1;;;;;;1;;;;;2;0;3;1;0;0;0;0;1;0;1;0;0;;;;;;;;;;;;;;1;0;2;0;0;0;0;0;1;11
182;1;;1;;;;;;;;;;;2;1;3;0;0;0;1;0;0;0;2;0;0;;;;;;;;;;;;;;0;1;1;0;0;0;1;0;0;3
183;;;;;;;;;1;;;;;1;0;0;2;1;1;2;1;3;1;0;0;0;;;;;;;;;;;;;;0;1;1;0;0;0;0;1;0;9
184;;;1;;;;;;;;;;;0;0;3;0;0;0;0;0;0;0;0;0;0;;;;;;;;;;;;;;1;1;2;0;0;0;0;1;0;3
185;;;;;;;;;;;1;;;0;1;1;0;0;0;0;0;0;0;3;0;0;;;;;;;;;;;;;;0;1;2;1;0;0;0;0;0;11
186;1;1;;;1;;;;1;1;;;;3;3;0;0;3;0;0;0;3;0;0;0;0;;;;;;;;;;;;;;0;1;2;0;0;0;0;0;1;2
187;;;;1;;;;;1;;;;;0;0;0;0;0;0;0;0;3;0;0;0;0;;;;;;;;;;;;;;0;0;2;1;0;0;0;0;0;9
188;;;1;;;;;;;;;;;0;0;3;2;0;0;0;0;1;0;0;0;0;;;;;;;;;;;;;;1;0;1;0;0;0;0;0;1;3
189;;;1;1;;;;;;;;;;0;0;2;3;0;0;0;0;0;0;0;0;0;;;;;;;;;;;;;;1;1;2;0;0;0;0;0;1;3
190;1;;1;1;;;;;;;;;;2;0;2;2;1;1;0;0;1;1;0;0;0;;;;;;;;;;;;;;1;0;1;0;0;1;0;0;0;1
191;;;;;;;;;1;;;;;0;0;2;2;0;0;0;0;3;1;0;0;0;;;;;;;;;;;;;;0;0;2;0;0;0;0;0;1;9
192;;;;;;;;;;;1;;;0;2;1;1;0;0;0;0;0;0;3;0;0;;;;;;;;;;;;;;0;0;2;0;0;0;0;0;1;11
193;;;;1;;1;;;1;;;;;0;0;1;3;0;3;0;0;3;0;0;0;0;;;;;;;;;;;;;;1;0;1;0;0;0;0;0;1;9
194;;;1;1;;;1;1;1;1;;;;1;0;1;3;0;0;2;1;3;2;0;0;0;;;;;;;;;;;;;;1;0;2;0;0;0;0;1;0;9
195;;;;;1;;;;1;;1;;;0;0;0;0;3;0;0;0;2;0;1;0;0;;;;;;;;;;;;;;1;0;2;0;0;0;1;0;0;
196;;;1;;;;;;;;;;;0;0;3;0;0;0;0;0;3;0;0;0;0;;;;;;;;;;;;;;1;0;1;0;0;0;1;0;0;3
197;1;;;1;;;;;;;1;;;2;0;0;2;0;0;0;0;0;0;3;0;0;;;;;;;;;;;;;;1;1;2;0;0;0;0;1;0;1
198;;1;1;;;;;;;;;;;0;1;3;0;0;0;0;0;0;0;0;0;0;;;;;;;;;;;;;;0;0;2;0;0;1;0;0;0;3
199;;;;;;;;;;;;1;;3;3;1;0;0;0;0;0;0;0;0;0;0;;;;;;;;;;;;;;0;0;0;0;0;0;0;0;0;
200;1;1;;;;1;;;;;;;;3;3;0;0;0;0;0;2;0;0;0;0;0;;;;;;;;;;;;;;0;1;2;0;1;0;0;0;0;2
201;;;1;1;;;;;1;;;;;0;0;3;2;1;1;0;0;3;0;0;0;0;;;;;;;;;;;;;;0;1;2;0;0;0;1;0;0;3
202;;;1;1;1;;;;;;;;;0;0;3;1;2;0;0;0;0;0;0;0;0;;;;;;;;;;;;;;0;0;1;0;1;0;0;0;0;3
203;;;;;1;1;;;1;;;;;1;0;1;2;3;3;0;1;3;1;0;0;0;;;;;;;;;;;;;;0;1;1;0;0;0;1;0;0;5
204;;;;1;;1;;;;;;;;0;0;2;3;1;2;1;1;2;0;0;0;0;;;;;;;;;;;;;;0;1;2;0;0;0;0;1;0;4
205;;;1;1;;1;;;;;;;;0;0;2;2;1;2;1;0;2;0;0;0;0;;;;;;;;;;;;;;0;1;1;1;0;0;0;0;0;6
206;;;;;;;;;;;;1;;1;0;2;1;1;0;1;1;2;1;0;0;0;;;;;;;;;;;;;;0;1;2;0;0;0;0;1;0;3
207;;;1;1;;;;;1;;;;;0;0;1;3;0;0;0;0;3;0;0;0;0;;;;;;;;;;;;;;1;0;2;0;0;0;1;0;0;9
208;;;1;;;;;;;;1;;;0;0;2;1;0;0;0;0;1;0;3;0;0;;;;;;;;;;;;;;1;0;1;0;0;0;0;0;1;11
209;;;1;1;;1;;;1;;;;;0;0;3;2;0;1;0;1;2;0;0;0;0;;;;;;;;;;;;;;0;1;2;0;0;0;0;0;1;3
210;;;1;1;;;;;;;1;;;1;0;3;3;2;2;0;1;2;1;3;0;0;;;;;;;;;;;;;;0;1;2;0;0;0;0;0;1;11
211;1;1;;;;;;;;;1;;;3;2;0;0;0;0;0;0;3;0;0;0;0;;;;;;;;;;;;;;1;0;2;0;0;0;0;0;1;1
212;;;1;;;;;;1;;1;;;0;0;0;0;0;0;0;0;0;0;0;1;0;;;;;;;;;;;;;;1;0;2;0;0;0;1;0;0;11
213;;;;1;;1;;;1;;;;;0;0;0;1;1;2;0;0;3;0;0;0;0;;;;;;;;;;;;;;1;0;1;0;0;0;1;0;0;9
214;;;;1;;;;;1;;;;;0;0;0;2;1;1;0;0;3;0;0;0;0;;;;;;;;;;;;;;1;0;2;0;0;0;1;0;0;9
215;;;;;;;;;1;;;;;0;0;0;0;0;0;0;0;3;0;0;0;0;;;;;;;;;;;;;;1;0;1;0;0;0;0;1;0;9
216;1;;1;1;;;;;;;;;;1;0;3;2;0;1;0;0;1;0;0;0;0;;;;;;;;;;;;;;1;1;1;0;0;0;1;0;0;3
217;1;1;;;;;;;;;1;;;2;2;0;0;0;0;0;0;0;0;3;0;0;;;;;;;;;;;;;;1;1;1;0;0;0;0;0;1;11
218;;1;;;;;;;;;1;;;0;3;2;0;0;1;1;0;0;0;3;0;0;;;;;;;;;;;;;;1;0;2;1;0;0;0;0;0;
219;;;;1;1;1;;;1;;;;;0;0;0;2;3;3;0;0;2;0;0;0;0;;;;;;;;;;;;;;0;1;1;0;0;0;1;0;0;9
220;;1;;;;;;;;;1;;;0;2;0;0;0;1;0;0;0;0;1;0;0;;;;;;;;;;;;;;0;1;1;0;1;0;0;0;0;2
221;;;1;1;;;;;;;;;;0;0;0;0;0;0;0;0;0;0;0;1;0;;;;;;;;;;;;;;1;0;2;1;0;0;0;0;0;4
222;;;1;1;;;;;;;1;;;0;0;3;2;0;0;0;0;1;0;2;0;0;;;;;;;;;;;;;;0;0;0;0;0;0;0;0;0;3
223;;;;;;;;;;;;1;;0;0;0;0;0;0;0;0;0;0;0;1;0;;;;;;;;;;;;;;1;1;1;0;0;0;1;0;0;12
224;;1;;1;;;;;;;;;;0;2;0;2;0;0;0;0;0;0;0;0;0;;;;;;;;;;;;;;1;1;2;0;0;1;0;0;0;2
225;1;;;;;;;;;;1;;;1;0;0;0;0;0;0;0;0;0;3;0;0;;;;;;;;;;;;;;0;0;2;0;0;0;0;0;1;11
226;;;1;1;;;;;;;1;;;0;1;2;1;0;0;0;0;0;1;3;0;0;;;;;;;;;;;;;;0;1;2;0;0;0;0;1;0;11
227;;;1;;;;;;;;;;;0;0;3;1;0;0;0;0;1;0;1;0;0;;;;;;;;;;;;;;1;0;2;0;0;1;0;0;0;3
228;;;;;;;;;;;;1;;0;0;0;0;0;0;0;0;0;0;0;1;0;;;;;;;;;;;;;;0;1;1;0;0;0;0;0;1;3
229;;;1;1;1;1;;;;;;;;0;0;2;2;1;1;0;0;0;0;0;0;0;;;;;;;;;;;;;;0;1;1;0;0;0;0;1;0;3
230;;;1;;;;;;;;1;;;1;0;3;0;0;0;0;1;1;1;3;0;0;;;;;;;;;;;;;;1;0;1;0;0;0;0;1;0;3
231;;;;;;;;;;;1;;;0;0;1;0;0;0;0;0;0;0;2;0;0;;;;;;;;;;;;;;1;0;2;0;0;0;0;1;0;11
232;;1;;;;1;;;1;;;;;0;2;0;0;3;3;0;0;3;0;0;0;0;;;;;;;;;;;;;;0;1;2;0;0;0;1;0;0;9
233;;;;;;;;;1;;;;;0;0;0;0;0;0;0;0;3;0;0;0;0;;;;;;;;;;;;;;1;0;1;0;1;0;0;0;0;9
234;;;1;;;;;;1;;;;;0;0;1;0;0;0;0;0;1;0;0;0;0;;;;;;;;;;;;;;0;0;2;0;0;1;0;0;0;
235;;;;;;;;;;;;1;;0;0;2;0;0;0;0;0;0;0;0;0;0;;;;;;;;;;;;;;0;0;2;1;0;0;0;0;0;3
236;;;1;1;;;;;1;;;;;1;0;3;2;0;0;0;1;2;0;1;0;0;;;;;;;;;;;;;;1;0;2;0;0;0;0;0;1;3
237;;;1;;;;;;;;;;;1;0;2;0;0;0;0;1;1;0;0;0;0;;;;;;;;;;;;;;0;1;1;0;0;0;0;1;0;3
238;;;1;1;;1;;;1;;;;;1;0;2;3;1;3;1;1;3;1;1;0;0;;;;;;;;;;;;;;1;0;1;0;0;0;0;1;0;9
239;;1;;;;;;;1;1;;;;2;2;2;1;0;0;0;0;3;3;0;0;0;;;;;;;;;;;;;;1;0;1;1;0;0;0;0;0;2
240;;;;1;;1;;;1;;;;;0;0;0;2;0;2;0;0;3;0;0;0;0;;;;;;;;;;;;;;0;1;1;0;1;0;0;0;0;9
241;1;;;1;;;;1;;;1;;;2;1;1;1;1;1;1;1;1;1;2;0;0;;;;;;;;;;;;;;0;1;2;0;0;0;0;1;0;11
242;;;1;;;;;;;;1;;;0;0;2;0;0;0;0;1;0;0;2;0;0;;;;;;;;;;;;;;0;1;2;0;1;0;0;0;0;3
243;1;;1;;;;;;;;1;;;2;0;2;0;0;0;0;0;0;0;2;0;0;;;;;;;;;;;;;;1;1;1;0;0;0;1;0;0;11
244;;;;;1;1;;;;;;;;0;0;0;0;3;2;1;2;0;1;0;0;0;;;;;;;;;;;;;;0;1;2;0;0;0;1;0;0;5
245;;;1;;;1;;;1;;;;;0;0;2;1;0;1;0;0;2;0;0;0;0;;;;;;;;;;;;;;0;1;2;1;0;0;0;0;0;9
246;1;;1;;;;;;;;;;;3;0;3;0;0;0;0;0;0;0;0;0;0;;;;;;;;;;;;;;0;0;2;0;1;0;0;0;0;3
247;;;1;;1;;;;;;;;;1;0;3;0;2;0;1;1;0;0;0;0;0;;;;;;;;;;;;;;0;1;2;0;0;0;0;1;0;3
248;1;;1;;;;1;;;;1;;;3;0;2;0;0;0;2;0;0;0;3;0;0;;;;;;;;;;;;;;0;0;2;0;0;0;0;1;0;1
249;1;;1;;;;;;;;;;;2;1;2;1;0;0;2;1;1;1;0;0;0;;;;;;;;;;;;;;0;1;1;1;0;0;0;0;0;3
250;;;;1;;1;;;1;;;;;0;0;0;3;1;1;0;0;3;0;0;0;0;;;;;;;;;;;;;;1;1;2;0;1;0;0;0;0;9
251;1;;1;;;;;;;;;;;2;0;2;0;0;0;0;0;0;0;0;0;0;;;;;;;;;;;;;;0;1;2;0;1;0;0;0;0;3
252;;1;;;;;;;1;;;;;1;3;2;1;0;1;2;1;2;1;2;0;0;;;;;;;;;;;;;;1;1;1;1;0;0;0;0;0;2
253;;;;;1;;1;;;1;;;;2;0;1;1;3;2;1;2;0;1;0;0;0;;;;;;;;;;;;;;1;1;1;0;0;0;1;0;0;5
254;;;;;;;;;1;;;;;0;0;0;1;0;0;0;0;3;0;0;0;0;;;;;;;;;;;;;;1;0;1;0;0;0;0;0;1;9
255;;;;;1;;;1;1;;;;;0;0;0;0;2;0;0;2;3;0;0;0;0;;;;;;;;;;;;;;1;1;2;1;0;0;0;0;0;9
256;;1;;;;;;;;;;;;0;3;1;1;0;0;0;0;1;0;1;0;0;;;;;;;;;;;;;;0;0;2;0;0;1;0;0;0;2
257;;;1;1;1;;;;1;;;;;0;0;2;3;1;0;0;0;1;0;0;0;0;;;;;;;;;;;;;;0;0;1;0;0;0;0;1;0;4
258;;;;1;;1;;;1;;;;;1;0;0;3;0;2;0;0;3;0;0;0;0;;;;;;;;;;;;;;0;1;1;0;1;0;0;0;0;9
259;;;;;;;;;1;;;;;0;0;0;0;0;0;0;0;3;0;0;0;0;;;;;;;;;;;;;;0;1;2;0;0;0;0;1;0;9
260;;;1;1;;;;;1;;;;;0;0;3;2;0;0;0;0;2;0;0;0;0;;;;;;;;;;;;;;0;1;1;0;0;0;1;0;0;3
261;;;;1;;1;;;1;;;;;0;0;0;3;0;0;0;0;3;0;0;0;0;;;;;;;;;;;;;;1;0;1;0;0;0;1;0;0;9
262;;;;;;;;;1;;;;;0;0;0;0;0;0;0;0;3;0;0;0;0;;;;;;;;;;;;;;0;1;1;0;0;0;0;1;0;9
263;;;;1;;;;;;;;;;0;0;3;2;0;0;0;1;2;0;0;0;0;;;;;;;;;;;;;;0;1;1;0;0;0;0;1;0;3
264;;;1;;;;;;;;1;;;3;0;3;0;0;0;0;0;0;0;2;0;0;;;;;;;;;;;;;;0;1;2;0;0;0;0;0;1;3
265;;;1;1;1;1;;;1;;;;;0;0;1;1;2;2;0;0;3;0;0;0;0;;;;;;;;;;;;;;1;0;2;0;0;0;1;0;0;9
266;;;;;;;;;;;;1;;0;0;0;0;0;0;0;0;0;0;0;1;0;;;;;;;;;;;;;;0;0;2;0;0;0;0;0;1;
267;;;;;;;;;;;1;;;2;0;0;0;0;0;0;0;2;0;2;0;0;;;;;;;;;;;;;;1;1;1;0;0;0;0;0;1;11
268;;;;;;;;;;;;;1;2;0;0;0;0;3;2;2;3;0;0;0;0;;;;;;;;;;;;;;0;0;0;0;0;0;0;0;0;
269;1;;1;;;;;;;;;;;1;0;2;0;0;1;0;0;1;0;0;0;0;;;;;;;;;;;;;;1;0;1;0;0;1;0;0;0;3
270;;;1;;;;;1;;;;;;0;0;3;1;1;1;0;2;1;0;0;0;0;;;;;;;;;;;;;;1;0;1;0;0;0;0;1;0;3
271;1;1;;;;;;;;;1;;;2;1;0;0;0;0;0;0;0;0;3;0;0;;;;;;;;;;;;;;0;1;2;0;0;0;0;0;0;11
272;;;;;;;;;;;;1;;0;0;0;0;0;0;0;0;0;0;0;0;1;;;;;;;;;;;;;;0;0;1;0;0;0;0;0;0;
273;1;1;1;;;;;;;;1;;;1;1;1;0;0;0;0;0;0;0;2;0;0;;;;;;;;;;;;;;0;1;1;0;0;0;0;0;1;11
274;;;;1;1;1;;;1;;;;;0;0;0;2;1;1;0;0;3;0;0;0;0;;;;;;;;;;;;;;0;1;1;1;0;0;0;0;0;9
275;;;;;;;;1;;;1;;;1;0;1;1;1;3;3;3;2;2;3;0;0;;;;;;;;;;;;;;0;0;0;0;0;0;0;0;0;
276;;;;1;1;1;;;;;;;;1;0;2;3;3;3;1;2;2;1;0;0;0;;;;;;;;;;;;;;0;1;1;1;0;0;0;0;0;4
277;;;;1;1;1;;;1;;;;;0;0;0;3;3;3;0;0;3;0;0;0;0;;;;;;;;;;;;;;1;1;2;0;0;1;0;0;0;9
278;;;1;1;;;;;;;;;;0;0;3;2;0;0;0;0;0;0;0;0;0;;;;;;;;;;;;;;1;1;1;0;0;0;1;0;0;3
279;;;1;1;;;;;1;;;;;0;0;1;2;0;0;0;0;3;0;0;0;0;;;;;;;;;;;;;;0;1;2;0;0;0;1;0;0;9
280;;;1;;;;;;;;;;;0;0;3;2;0;0;0;1;2;0;0;0;0;;;;;;;;;;;;;;0;1;2;0;1;0;0;0;0;3
281;;;1;;;;;;;;;;;0;0;3;1;0;0;0;0;0;0;2;0;0;;;;;;;;;;;;;;0;1;1;0;1;0;0;0;0;3
282;;;;;;;;;;;1;;;1;2;2;1;0;0;0;0;2;0;3;0;0;;;;;;;;;;;;;;0;1;2;0;0;0;0;1;0;11
283;;;;1;;;;;1;;;;;0;0;0;2;1;1;0;0;3;0;0;0;0;;;;;;;;;;;;;;0;1;1;0;0;0;0;1;0;9
284;;;1;1;;;;;1;;;;;0;0;2;2;0;0;0;1;3;0;0;0;0;;;;;;;;;;;;;;0;1;2;0;0;0;0;1;0;3
285;;;;;;;;;;;1;;;0;1;1;0;0;0;0;0;0;0;3;0;0;;;;;;;;;;;;;;1;0;2;0;0;0;1;0;0;11
286;;;1;;;;;;1;;;;;0;0;3;1;0;0;0;0;2;0;0;0;0;;;;;;;;;;;;;;0;1;2;0;0;0;1;0;0;3
287;;;1;;;;;;;;1;;;1;0;3;2;0;0;0;0;2;0;3;0;0;;;;;;;;;;;;;;0;1;1;0;0;0;0;1;0;3
288;;;;1;1;;;;1;;;;;0;0;2;3;3;0;1;1;2;0;0;0;0;;;;;;;;;;;;;;0;1;2;0;0;1;0;0;0;4
289;;;1;1;1;1;;;;;;;;0;0;1;1;1;1;0;0;1;0;0;0;0;;;;;;;;;;;;;;1;0;2;0;0;0;0;1;0;12
290;;;;;;;;;1;;;;;0;0;0;2;3;3;0;0;3;0;0;0;0;;;;;;;;;;;;;;0;1;1;0;0;0;0;0;1;9
291;;;;;;;;;;;1;;;0;0;0;0;0;0;0;0;0;0;3;0;0;;;;;;;;;;;;;;0;0;1;1;0;0;0;0;0;11
292;;;1;;;;;;1;;;;;0;0;3;0;0;0;0;0;3;0;0;0;0;;;;;;;;;;;;;;0;0;2;0;1;0;0;0;0;9
293;0;0;0;1;0;0;0;0;1;0;0;;;0;0;0;3;0;0;0;0;3;0;0;0;0;;;;;;;;;;;;;;0;0;2;0;0;0;0;1;0;4
294;0;0;0;1;0;0;0;0;0;0;0;;;0;0;2;3;1;1;0;0;0;0;0;0;0;;;;;;;;;;;;;;0;0;2;0;0;0;1;0;0;4
295;0;0;0;1;0;0;0;0;1;0;0;;;0;0;1;3;0;1;0;0;0;0;0;0;0;;;;;;;;;;;;;;0;0;2;0;0;0;0;0;1;9
296;0;0;1;0;0;0;0;0;0;0;0;;;0;0;3;0;0;0;0;0;0;0;0;0;0;;;;;;;;;;;;;;0;0;1;0;0;1;0;0;0;3
297;0;0;0;1;0;1;0;0;1;0;0;;;0;0;0;2;0;2;0;0;3;0;0;0;0;;;;;;;;;;;;;;0;0;2;0;0;1;0;0;0;9
298;0;0;1;0;0;0;0;0;0;0;0;;;0;0;3;0;0;0;0;0;0;0;0;0;0;;;;;;;;;;;;;;0;0;1;0;1;0;0;0;0;3
299;0;0;0;0;0;1;0;1;0;0;0;;;0;0;1;1;0;0;0;3;1;0;0;0;0;;;;;;;;;;;;;;0;0;1;0;0;0;0;0;1;8
300;0;0;0;0;1;1;0;0;1;0;0;;;0;0;0;1;2;3;0;0;2;0;0;0;0;;;;;;;;;;;;;;0;0;1;0;0;1;0;0;0;6
301;0;0;1;1;0;0;0;0;1;0;0;;;0;0;3;3;0;1;0;0;2;0;1;0;0;;;;;;;;;;;;;;0;0;1;0;0;1;0;0;0;3
302;0;0;1;1;0;1;0;0;1;0;0;;;1;0;3;3;1;3;0;0;3;0;2;0;0;;;;;;;;;;;;;;0;0;1;0;0;0;0;1;0;9
303;0;0;1;1;0;0;0;0;1;0;0;;;0;0;3;1;0;0;0;0;2;0;0;0;0;;;;;;;;;;;;;;0;0;1;0;1;0;0;0;0;3
304;0;0;1;0;0;0;0;0;0;0;0;;;0;0;3;0;0;1;0;0;1;0;1;0;0;;;;;;;;;;;;;;0;0;2;1;0;0;0;0;0;3
305;0;0;0;1;1;0;0;0;1;0;0;;;0;0;0;2;2;1;0;0;3;0;0;0;0;;;;;;;;;;;;;;0;0;2;0;1;0;0;0;0;9
306;0;0;1;1;0;0;0;0;1;0;0;;;0;0;2;1;0;0;0;0;1;0;0;0;0;;;;;;;;;;;;;;0;0;1;0;0;1;0;0;0;3
307;1;1;0;0;0;0;1;1;0;1;1;;;3;2;1;0;0;0;1;2;0;0;3;0;0;;;;;;;;;;;;;;0;0;1;0;0;1;0;0;0;1
308;1;0;1;1;1;1;1;0;1;1;0;;;0;0;2;3;3;3;3;3;3;0;0;0;0;;;;;;;;;;;;;;0;0;1;0;0;0;1;0;0;4
309;0;0;0;1;0;1;0;0;1;0;0;;;0;0;2;3;0;0;0;0;3;0;0;0;0;;;;;;;;;;;;;;0;0;2;0;0;0;1;0;0;4
310;0;1;0;0;1;1;1;1;0;1;1;;;0;0;2;3;2;1;1;0;2;1;0;0;0;;;;;;;;;;;;;;0;0;1;0;0;1;0;0;0;4
311;0;0;0;0;0;0;0;0;1;0;0;;;0;0;0;0;0;0;0;0;3;0;0;0;0;;;;;;;;;;;;;;0;0;2;0;1;0;0;0;0;9
312;0;0;1;0;0;0;0;0;0;0;0;;;0;0;2;0;0;0;0;0;0;0;0;0;0;;;;;;;;;;;;;;0;0;1;0;0;0;0;1;0;3
313;0;0;1;1;0;1;0;0;1;0;0;;;0;0;3;2;1;1;0;0;2;0;1;0;0;;;;;;;;;;;;;;0;0;1;0;0;0;1;0;0;3
314;0;0;0;0;1;1;0;0;1;0;0;;;0;0;0;0;2;2;0;0;3;0;0;0;0;;;;;;;;;;;;;;0;0;2;0;1;0;0;0;0;9
315;1;0;0;1;0;0;0;0;0;0;0;;;3;0;1;3;0;0;0;0;0;0;0;0;0;;;;;;;;;;;;;;0;0;2;0;1;0;0;0;0;1
316;0;0;1;0;0;0;0;0;0;0;0;;;0;0;3;1;0;0;0;0;0;1;0;0;0;;;;;;;;;;;;;;0;0;0;0;0;0;1;0;0;3
317;0;0;1;0;0;0;0;0;0;0;1;;;0;0;3;0;0;0;0;0;0;0;1;0;0;;;;;;;;;;;;;;0;0;1;0;0;0;1;0;0;3
318;0;0;0;0;0;1;0;0;1;0;0;;;0;0;0;1;1;2;0;0;3;1;0;0;0;;;;;;;;;;;;;;0;0;1;1;0;0;0;0;0;9
319;0;1;0;1;0;0;0;0;0;0;1;;;0;2;1;2;0;0;0;0;0;0;2;0;0;;;;;;;;;;;;;;0;0;2;1;0;0;0;0;0;12
320;0;0;1;0;0;1;0;0;0;0;0;;;0;0;2;0;0;2;0;0;0;0;0;0;0;;;;;;;;;;;;;;0;0;2;0;1;0;0;0;0;3
321;1;0;0;0;0;0;0;0;0;0;1;;;2;0;1;0;0;0;0;0;0;0;3;0;0;;;;;;;;;;;;;;0;0;2;1;0;0;0;0;0;11
322;0;0;0;0;0;0;0;0;0;0;1;;;0;0;0;0;0;0;0;0;0;0;3;0;0;;;;;;;;;;;;;;0;0;2;0;1;0;0;0;0;11
323;0;0;0;1;1;1;0;0;1;0;0;;;0;0;1;2;1;1;0;0;3;0;0;0;0;;;;;;;;;;;;;;0;0;1;0;0;1;0;0;0;9
324;0;0;0;0;0;0;0;0;0;0;0;1;;0;0;2;2;0;0;0;0;0;0;0;0;0;;;;;;;;;;;;;;0;0;2;0;0;1;0;0;0;12
325;0;1;0;0;0;0;0;0;0;0;1;;;0;2;0;0;0;0;0;0;0;0;2;0;0;;;;;;;;;;;;;;0;0;1;1;0;0;0;0;0;2
326;0;0;0;1;0;1;0;0;0;0;0;;;0;0;0;2;0;2;0;0;0;0;0;0;0;;;;;;;;;;;;;;0;0;2;1;0;0;0;0;0;12
327;0;0;0;1;0;1;0;0;1;0;0;;;0;0;0;3;0;1;0;0;2;0;0;0;0;;;;;;;;;;;;;;0;0;2;1;0;0;0;0;0;4
328;0;0;1;0;0;0;0;0;0;0;0;;;0;0;3;0;0;0;0;0;0;0;0;0;0;;;;;;;;;;;;;;0;0;2;0;0;0;1;0;0;3
329;0;0;1;1;0;1;0;0;1;1;0;;;1;0;2;2;1;2;1;1;2;2;0;0;0;;;;;;;;;;;;;;0;0;1;0;1;0;0;0;0;3
330;0;0;0;0;0;1;0;0;1;0;0;;;0;0;0;0;0;2;0;0;2;0;0;0;0;;;;;;;;;;;;;;0;0;1;1;0;0;0;0;0;9
331;0;0;1;1;0;0;0;0;1;0;0;;;0;0;1;2;0;0;0;0;3;0;0;0;0;;;;;;;;;;;;;;0;0;1;0;0;1;0;0;0;9
332;0;0;1;1;0;0;0;0;1;0;0;;;0;0;2;2;0;0;0;0;3;0;0;0;0;;;;;;;;;;;;;;0;0;2;1;0;0;0;0;0;9
333;0;0;0;1;0;1;0;0;1;0;0;;;0;0;0;2;0;3;0;2;3;0;0;0;0;;;;;;;;;;;;;;0;0;1;0;1;0;0;0;0;9
334;0;0;1;1;0;0;0;0;1;0;0;;;0;0;2;3;1;1;0;0;2;0;0;0;0;;;;;;;;;;;;;;0;0;2;0;0;1;0;0;0;4
335;0;0;1;1;0;1;0;0;1;0;0;;;0;0;2;3;0;3;0;0;2;0;0;0;0;;;;;;;;;;;;;;0;0;2;0;0;0;1;0;0;4
336;0;0;0;0;0;0;0;0;0;0;0;1;;0;0;0;0;0;0;0;0;0;0;0;1;0;;;;;;;;;;;;;;0;0;2;0;1;0;0;0;0;12
337;0;0;1;1;0;0;0;0;1;0;0;;;0;0;3;1;1;0;0;0;3;0;0;0;0;;;;;;;;;;;;;;0;0;2;0;1;0;0;0;0;3
338;0;0;0;1;1;1;0;0;1;0;0;;;0;0;1;3;1;1;0;0;3;0;0;0;0;;;;;;;;;;;;;;0;0;1;0;0;0;1;0;0;9
339;0;0;0;1;1;1;0;0;1;0;0;;;0;0;0;2;2;2;0;0;3;0;0;0;0;;;;;;;;;;;;;;0;0;1;0;1;0;0;0;0;9
340;1;1;0;0;1;0;0;1;0;0;1;;;3;3;0;0;3;0;0;3;0;0;3;0;0;;;;;;;;;;;;;;0;0;1;0;0;0;0;1;0;1
341;0;0;0;0;0;0;0;0;1;0;0;;;1;0;0;2;2;3;0;0;3;0;0;0;0;;;;;;;;;;;;;;0;0;1;0;0;1;0;0;0;9
342;1;1;0;0;0;0;0;1;0;0;1;;;3;3;0;0;0;0;0;2;0;0;2;0;0;;;;;;;;;;;;;;0;0;2;0;0;0;1;0;0;2
343;0;0;0;1;1;1;0;0;1;0;0;;;0;0;1;3;2;2;0;1;3;0;0;0;0;;;;;;;;;;;;;;0;0;2;1;0;0;0;0;0;4
344;0;0;0;0;0;0;0;0;1;0;0;;;0;0;1;2;1;0;0;0;3;0;0;0;0;;;;;;;;;;;;;;0;0;2;1;0;0;0;0;0;9
345;0;0;0;0;0;0;0;0;0;0;1;;;0;0;1;1;0;0;0;0;0;1;3;0;0;;;;;;;;;;;;;;0;0;2;0;0;0;0;1;0;11
346;1;0;1;0;0;0;0;0;1;0;0;;;2;0;3;1;0;0;0;0;1;0;0;0;0;;;;;;;;;;;;;;0;0;1;0;0;0;1;0;0;3
347;1;0;0;0;0;0;0;0;1;0;0;;;2;0;0;1;0;2;0;1;3;2;0;0;0;;;;;;;;;;;;;;0;0;1;0;0;0;1;0;0;9
348;0;0;1;0;0;0;0;0;0;0;0;;;0;0;3;1;0;1;0;0;1;0;0;0;0;;;;;;;;;;;;;;0;0;1;0;1;0;0;0;0;3
349;0;0;0;1;0;0;0;0;1;0;0;;;0;0;0;2;0;0;0;0;3;0;0;0;0;;;;;;;;;;;;;;0;0;1;1;0;0;0;0;0;9
350;0;0;1;0;0;0;0;0;1;0;1;;;0;0;2;0;0;0;0;0;1;0;1;0;0;;;;;;;;;;;;;;0;0;2;0;0;0;0;1;0;3
351;0;0;1;1;0;0;0;0;1;0;0;;;0;0;3;3;0;2;0;0;3;1;1;0;0;;;;;;;;;;;;;;0;0;1;1;0;0;0;0;0;12
352;0;0;1;0;0;0;0;0;0;0;0;;;0;0;2;1;0;0;0;0;0;0;0;0;0;;;;;;;;;;;;;;0;0;2;0;0;0;1;0;0;3
353;0;0;1;1;0;1;0;0;1;0;0;;;1;0;2;1;1;2;1;1;2;1;0;0;0;;;;;;;;;;;;;;0;0;1;1;0;0;0;0;0;3
354;0;0;1;0;0;0;0;0;1;0;0;;;0;0;1;1;0;0;0;0;3;0;0;0;0;;;;;;;;;;;;;;0;0;1;0;1;0;0;0;0;9
355;0;0;0;1;0;1;0;0;1;0;0;;;0;0;0;2;1;2;0;0;3;0;0;0;0;;;;;;;;;;;;;;0;0;2;1;0;0;0;0;0;9
356;0;0;1;0;0;0;0;0;0;0;1;;;0;0;3;0;0;0;0;0;0;0;1;0;0;;;;;;;;;;;;;;0;0;2;0;0;0;0;1;0;3
357;0;0;0;1;0;1;0;0;1;0;0;;;0;0;1;2;0;2;0;0;3;0;0;0;0;;;;;;;;;;;;;;0;0;1;1;0;0;0;0;0;9
358;0;0;0;0;0;1;0;0;1;0;0;;;0;0;0;0;2;3;0;0;3;0;0;0;0;;;;;;;;;;;;;;0;0;2;0;1;0;0;0;0;9
359;0;1;0;0;0;0;0;0;0;0;0;;;0;3;0;0;0;0;0;0;0;0;0;0;0;;;;;;;;;;;;;;0;0;1;1;0;0;0;0;0;2
360;0;0;1;1;0;0;0;0;0;0;0;;;0;0;3;2;0;0;0;0;0;0;0;0;0;;;;;;;;;;;;;;0;0;2;1;0;0;0;0;0;3
361;1;1;0;0;0;0;0;0;1;0;0;;;1;3;0;0;0;0;0;0;1;0;1;0;0;;;;;;;;;;;;;;0;0;2;0;0;0;1;0;0;11
362;0;0;0;0;0;1;0;0;1;0;0;;;0;0;0;0;1;3;0;0;2;0;0;0;0;;;;;;;;;;;;;;0;0;2;0;1;0;0;0;0;6
363;0;0;1;1;0;1;0;0;1;0;0;;;0;0;2;2;0;2;0;1;3;0;0;0;0;;;;;;;;;;;;;;0;0;1;0;0;0;0;1;0;9
364;0;0;0;1;0;0;0;0;1;0;0;;;0;0;1;3;0;0;0;0;3;0;1;0;0;;;;;;;;;;;;;;0;0;2;0;0;1;0;0;0;9
365;0;0;0;1;0;1;0;0;1;0;0;;;0;0;1;3;0;2;0;0;3;0;0;0;0;;;;;;;;;;;;;;0;0;1;1;0;0;0;0;0;9
366;0;0;1;0;0;0;0;0;1;0;0;;;0;0;3;0;0;0;0;0;2;0;0;0;0;;;;;;;;;;;;;;0;0;2;0;1;0;0;0;0;3
367;0;0;1;0;0;0;0;0;1;0;1;;;0;0;3;0;0;0;0;0;2;0;3;0;0;;;;;;;;;;;;;;0;0;1;0;1;0;0;0;0;3
368;0;1;0;0;0;0;0;0;0;0;0;;;2;3;0;0;0;0;1;0;0;1;0;0;0;;;;;;;;;;;;;;0;0;2;0;0;1;0;0;0;2
369;0;0;0;0;0;0;0;0;0;0;1;;;0;0;0;0;0;0;0;0;0;0;3;0;0;;;;;;;;;;;;;;0;0;1;0;0;1;0;0;0;11
370;0;0;0;0;0;0;0;0;0;0;1;;;0;0;1;0;0;0;0;0;0;0;3;0;0;;;;;;;;;;;;;;0;0;1;0;0;1;0;0;0;11
371;0;0;0;1;0;1;0;0;0;0;0;;;0;0;0;2;0;2;0;0;0;0;0;0;0;;;;;;;;;;;;;;0;0;1;1;0;0;0;0;0;6
372;0;0;1;1;0;0;0;0;1;0;0;;;0;0;3;2;0;0;0;0;2;0;0;0;0;;;;;;;;;;;;;;0;0;1;0;0;0;1;0;0;3
373;0;0;1;1;0;0;0;0;1;0;0;;;0;0;2;3;1;1;0;0;2;0;0;0;0;;;;;;;;;;;;;;0;0;2;0;0;0;0;1;0;4
374;0;0;1;1;0;0;0;0;1;0;0;;;0;0;3;1;0;0;0;0;2;0;0;0;0;;;;;;;;;;;;;;0;0;1;0;0;1;0;0;0;3
375;;;1;;;;;;;;1;;;;;;;;;;;;;;;;0;0;4;0;0;0;0;0;1;0;3;0;0;0;0;2;1;0;0;0;0;0;3
376;;;1;1;;1;;;1;;;;;;;;;;;;;;;;;;0;0;3;3;0;2;0;0;4;0;0;0;0;1;1;2;1;0;0;0;0;0;9
377;;;;1;;;;;1;;;;;;;;;;;;;;;;;;0;0;0;3;1;1;0;0;4;1;0;0;0;0;1;2;0;1;0;0;0;0;9
378;;1;;;;1;1;1;1;1;;;;;;;;;;;;;;;;;1;4;1;3;1;4;4;4;4;4;1;0;0;1;0;2;0;0;1;0;0;0;9
379;;;;;;;1;;;1;;;;;;;;;;;;;;;;;2;0;0;1;1;1;5;4;1;3;1;0;0;0;1;1;1;0;0;0;0;0;7
380;;;;1;1;1;;;1;;;;;;;;;;;;;;;;;;0;0;2;5;3;3;1;1;4;0;0;0;0;0;1;2;0;0;0;0;1;0;4
381;;;1;;;;;;1;;;;;;;;;;;;;;;;;;0;0;5;1;0;0;0;0;2;0;0;0;0;0;1;1;0;1;0;0;0;0;3
382;;1;1;;;;;;;;1;;;;;;;;;;;;;;;;0;5;3;0;0;0;0;0;0;0;1;0;0;0;0;2;1;0;0;0;0;0;2
383;1;;1;;;;;;;;1;;;;;;;;;;;;;;;;0;0;2;0;0;0;0;0;0;0;3;0;0;0;1;2;0;0;0;0;1;0;11
384;;;1;1;1;;;;;;;;;;;;;;;;;;;;;;0;0;3;0;0;0;0;0;0;0;0;0;0;1;0;2;0;0;0;1;0;0;3
385;;;;1;;;;;1;;;;;;;;;;;;;;;;;;0;0;3;5;0;0;0;0;4;0;0;0;0;1;1;2;0;0;0;1;0;0;4
386;1;;1;1;;;1;;1;;;;;;;;;;;;;;;;;;3;0;3;1;0;0;5;0;3;0;0;0;0;0;1;2;1;0;0;0;0;0;7
387;;;;1;;1;1;;1;;;;;;;;;;;;;;;;;;0;0;0;5;2;3;3;1;4;0;0;0;0;1;0;2;1;0;0;0;0;0;4
388;;;;1;1;1;;;1;;;;;;;;;;;;;;;;;;1;0;3;5;4;4;3;2;4;1;0;0;0;1;1;2;0;1;0;0;0;0;4
389;;;;1;;;;1;;;;;;;;;;;;;;;;;;;3;3;3;5;1;0;2;5;3;0;0;0;0;0;1;1;0;0;0;1;0;0;3
390;;;;1;;;;;1;;;;;;;;;;;;;;;;;;0;0;0;1;0;0;0;0;2;0;0;0;0;0;0;2;0;1;0;0;0;0;4
391;;;;1;;;;;1;;;;;;;;;;;;;;;;;;1;0;2;4;1;2;2;3;5;1;0;0;0;0;1;1;0;0;1;0;0;0;9
392;;;1;1;;;;;;;;;;;;;;;;;;;;;;;0;0;4;5;3;3;3;1;3;0;0;0;0;0;1;1;1;0;0;0;0;0;3
393;;;1;1;;;;;;;;;;;;;;;;;;;;;;;0;0;5;4;0;0;0;0;0;0;0;0;0;1;0;1;0;0;1;0;0;0;3
394;;;;1;;;;;;;;;;;;;;;;;;;;;;;1;0;3;5;1;2;0;1;3;0;0;0;0;0;0;1;0;0;1;0;0;0;4
395;1;;1;1;;;;;1;;;;;;;;;;;;;;;;;;2;0;5;3;0;0;0;0;4;0;0;0;0;0;0;0;0;0;0;0;0;0;
396;;;1;1;1;1;;;1;;;;;;;;;;;;;;;;;;0;0;3;5;2;2;1;0;2;0;0;0;0;1;1;2;0;0;1;0;0;0;4
397;;;;1;;;;;1;;;;;;;;;;;;;;;;;;1;0;1;3;0;0;0;2;5;1;0;0;0;0;0;1;1;0;0;0;0;0;9
398;;;1;;;;;;;;;;;;;;;;;;;;;;;;0;0;5;3;0;0;0;0;2;0;0;0;0;0;1;2;0;0;0;0;1;0;3
399;;;;;;1;;;1;;;;;;;;;;;;;;;;;;0;0;0;0;2;5;0;0;5;2;0;0;0;0;0;1;0;1;0;0;0;0;9
400;;;1;1;;;;;1;;;;;;;;;;;;;;;;;;1;3;4;3;1;1;0;0;3;0;3;0;0;0;0;1;1;0;0;0;0;0;3
401;;;1;;;;1;;1;;;;;;;;;;;;;;;;;;1;0;5;3;2;2;3;2;4;0;0;0;0;1;0;2;0;1;0;0;0;0;3
402;;;;1;;;;;;;;;;;;;;;;;;;;;;;0;0;0;5;2;2;0;3;2;0;0;0;0;0;0;2;0;0;0;0;1;0;4
403;;;1;1;;1;;;1;;;;;;;;;;;;;;;;;;0;0;3;5;1;2;0;0;2;0;0;0;0;0;1;2;0;1;0;0;0;0;4
404;;;1;1;;;;;;;;;;;;;;;;;;;;;;;0;0;2;5;2;1;0;0;3;0;0;0;0;0;1;1;0;0;0;1;0;0;4
405;;;1;;;;;;;;1;;;;;;;;;;;;;;;;0;0;4;0;0;0;0;0;0;0;3;0;0;0;1;2;0;0;0;1;0;0;11
406;;;1;;;;;;;;;;;;;;;;;;;;;;;;1;0;3;2;0;0;0;0;2;0;1;0;0;0;0;2;1;0;0;0;0;0;3
407;;;1;1;;;;;;;;;;;;;;;;;;;;;;;0;0;3;3;2;0;0;0;0;0;0;0;0;1;0;2;0;1;0;0;0;0;3
408;;1;1;;;;;;;;;;;;;;;;;;;;;;;;0;5;4;3;2;2;1;2;3;0;0;0;0;1;1;2;0;0;1;0;0;0;2
409;;;;1;1;1;;;;;;;;;;;;;;;;;;;;;0;0;2;5;3;3;0;1;0;0;0;0;0;1;1;2;1;0;0;0;0;0;4
410;;;1;1;;;;;;;;;;;;;;;;;;;;;;;0;0;4;4;0;0;0;0;2;0;2;0;0;0;1;2;0;0;0;1;0;0;3
411;;;1;1;1;1;;;;;;;;;;;;;;;;;;;;;0;0;1;5;5;5;0;0;0;0;0;0;0;0;1;2;0;0;0;1;0;0;4
412;;;1;1;;;;;1;;;;;;;;;;;;;;;;;;0;0;4;4;3;0;0;0;4;0;0;0;0;1;0;2;0;0;0;0;0;1;3
413;;;;1;1;1;1;1;1;1;;;;;;;;;;;;;;;;;0;0;0;3;3;3;2;2;4;3;0;0;0;0;1;1;0;0;1;0;0;0;9
414;;;;1;;1;;;1;;;;;;;;;;;;;;;;;;0;0;2;4;0;4;0;1;3;1;0;0;0;1;0;1;1;0;0;0;0;0;4
415;;;;1;1;1;;;;;;;;;;;;;;;;;;;;;0;0;3;5;5;5;1;1;2;0;0;0;0;1;0;2;1;0;0;0;0;0;4
416;;;1;;;;;;;1;;;;;;;;;;;;;;;;;0;0;3;0;0;4;0;0;0;4;0;0;0;0;0;2;0;0;1;0;0;0;10
417;;;1;1;;;1;;;;;;;;;;;;;;;;;;;;0;0;4;2;0;0;0;0;0;0;0;0;0;0;0;1;1;0;0;0;0;0;3
418;;;;1;;1;;;1;;;;;;;;;;;;;;;;;;0;0;0;0;0;0;0;0;0;0;0;1;0;0;0;2;0;0;0;1;0;0;
419;;;;1;1;1;;;1;;;;;;;;;;;;;;;;;;0;0;2;5;3;3;0;0;4;0;0;0;0;1;1;1;0;1;0;0;0;0;9
420;;;;1;1;1;;;1;1;;;;;;;;;;;;;;;;;0;0;2;4;3;4;2;1;2;2;1;0;0;1;1;2;0;0;0;0;1;0;6
421;;;1;;;1;1;;;;1;;;;;;;;;;;;;;;;1;0;3;0;0;0;1;0;0;1;3;0;0;0;0;0;0;0;0;0;0;0;
422;;;1;1;;;;;1;;;;;;;;;;;;;;;;;;0;0;3;2;0;0;0;0;5;0;0;0;0;1;1;2;0;0;0;0;1;0;9
423;;;1;1;;1;;;1;;;;;;;;;;;;;;;;;;0;0;5;4;2;2;0;0;5;0;0;0;0;0;1;2;0;0;0;0;0;1;
424;;;1;1;;;;;1;;;;;;;;;;;;;;;;;;0;0;2;4;1;1;0;0;2;0;0;0;0;0;1;2;0;1;0;0;0;0;3
425;;;1;1;1;1;;;1;;;;;;;;;;;;;;;;;;0;0;2;5;2;2;0;0;5;0;0;0;0;0;1;1;1;0;0;0;0;0;9
426;;1;;;;;1;;;;;;;;;;;;;;;;;;;;0;5;4;4;0;0;0;0;5;0;0;0;0;0;1;2;0;1;0;0;0;0;9
427;;;;1;;;;;1;;;;;;;;;;;;;;;;;;0;0;0;4;0;0;0;0;5;0;0;0;0;1;0;1;0;0;0;0;1;0;9
428;1;;;;;;;;;;;;;;;;;;;;;;;;;;5;0;0;0;0;0;0;0;0;0;0;0;0;1;1;1;1;0;0;0;0;0;1
429;1;1;;;;1;;;1;;;;;;;;;;;;;;;;;;2;3;1;1;1;3;2;1;4;1;0;0;0;0;1;1;1;0;0;0;0;0;9
430;;;;1;;;;;1;;;;;;;;;;;;;;;;;;0;0;4;5;0;0;0;0;4;0;0;0;0;0;1;1;0;1;0;0;0;0;9
431;;;1;;;;;;;;1;;;;;;;;;;;;;;;;0;1;3;2;0;0;0;0;2;0;4;0;0;0;1;2;0;0;1;0;0;0;11
432;;;1;1;;1;1;;1;;;;;;;;;;;;;;;;;;2;0;4;5;2;2;2;2;4;1;1;0;0;1;0;1;0;0;0;0;1;0;4
433;;;1;;;1;;;;;;;;;;;;;;;;;;;;;0;0;4;3;3;3;1;1;2;0;0;0;0;1;0;1;0;0;0;0;0;1;3
434;;;;;;1;;;1;;;;;;;;;;;;;;;;;;0;0;0;3;0;4;0;0;5;0;0;0;0;0;0;2;1;0;0;0;0;0;9
435;;;1;1;1;;;;1;;;;;;;;;;;;;;;;;;0;0;3;2;1;0;0;0;2;0;0;0;0;0;1;2;0;0;0;0;0;1;5
436;;;;;;;;;1;;;;;;;;;;;;;;;;;;0;0;0;0;0;0;0;0;5;0;0;0;0;0;0;2;0;0;0;1;0;0;9
437;;;1;1;;;;;1;;;;;;;;;;;;;;;;;;0;0;5;4;0;0;0;0;4;0;0;0;0;0;0;1;0;0;0;0;1;0;3
438;;;;1;;;;;1;;;;;;;;;;;;;;;;;;0;0;0;5;0;0;0;0;5;0;0;0;0;1;1;2;0;0;0;0;0;1;9
439;;1;;;;;;;;;1;;;;;;;;;;;;;;;;2;4;3;3;0;0;0;0;2;2;4;0;0;0;1;1;0;1;0;0;0;0;2
440;1;;;;;;;;;;;;;;;;;;;;;;;;;;5;0;0;0;0;0;0;0;0;2;0;0;0;0;1;2;0;0;0;0;0;1;1
441;;;;1;1;1;;;1;;;;;;;;;;;;;;;;;;0;0;1;5;5;5;1;1;3;0;0;0;0;0;1;1;0;1;0;0;0;0;4
442;;;;1;;;;;;;;;;;;;;;;;;;;;;;0;0;0;5;0;0;0;0;0;0;0;0;0;0;1;2;0;0;0;0;1;0;4
443;;;;1;;;;;;;;;;;;;;;;;;;;;;;0;0;0;5;0;0;0;0;0;0;0;0;0;1;1;2;0;0;0;0;1;0;4
444;1;;1;;;;;;;;;;;;;;;;;;;;;;;;4;0;5;0;0;2;0;0;0;0;2;0;0;1;1;2;1;0;0;0;0;0;3
445;;;;1;;;;;1;;;;;;;;;;;;;;;;;;2;0;1;3;1;2;1;2;4;2;1;0;0;1;0;2;1;0;0;0;0;0;9
446;;;;;;;1;;1;1;;;;;;;;;;;;;;;;;2;0;2;2;2;2;3;2;4;4;0;0;0;1;0;1;1;0;0;0;0;0;10
447;;;;1;1;;;;1;;;;;;;;;;;;;;;;;;0;0;2;4;3;3;2;1;4;1;0;0;0;1;0;1;1;0;0;0;0;0;9
448;;;;1;;;;;1;;;;;;;;;;;;;;;;;;0;0;0;4;2;2;0;0;4;0;0;0;0;1;1;1;0;0;0;0;1;0;9
449;;;;1;;;;;;;;;;;;;;;;;;;;;;;1;0;2;5;1;1;0;0;3;0;0;0;0;0;0;2;0;0;0;1;0;0;4
450;;;1;;;;;;;;1;;;;;;;;;;;;;;;;0;0;2;1;0;0;0;0;0;0;3;0;0;0;1;2;0;0;0;0;1;0;11
451;;;;1;1;1;;;1;;;;;;;;;;;;;;;;;;1;0;2;5;3;3;1;0;5;1;0;0;0;0;1;1;0;0;0;1;0;0;9
452;;;1;1;;;;;1;;;;;;;;;;;;;;;;;;0;0;5;3;0;0;0;0;2;0;0;0;0;0;0;1;0;0;0;0;0;1;3
453;;;;1;;;;;;;;;;;;;;;;;;;;;;;0;0;0;5;0;0;0;0;0;0;0;0;0;0;1;2;0;0;0;0;1;0;4
454;;;;;;;;;1;;;;;;;;;;;;;;;;;;0;0;0;0;0;0;0;0;3;0;0;0;0;1;0;2;0;0;0;0;1;0;9
455;1;;1;;;;1;;1;;1;;;;;;;;;;;;;;;;2;0;1;0;0;0;1;1;0;0;5;0;0;0;0;1;0;0;0;0;0;0;
456;;;1;;;;;;;;;;;;;;;;;;;;;;;;0;0;5;2;0;0;0;0;1;0;0;0;0;0;1;1;0;0;0;0;0;1;3
457;;;;1;;;;;1;;;;;;;;;;;;;;;;;;0;0;2;5;0;1;0;0;3;0;0;0;0;1;0;2;0;0;0;0;0;1;4
458;;;;1;;;;;;;;;;;;;;;;;;;;;;;0;0;3;5;0;1;0;0;4;0;0;0;0;1;0;1;0;0;0;0;0;1;9
459;;;1;1;;;;;;;;;;;;;;;;;;;;;;;0;0;5;2;0;2;1;1;0;1;0;0;0;0;1;1;0;0;0;0;1;0;3
460;;;;;;;;;;;;;1;;;;;;;;;;;;;;1;0;4;1;0;0;0;0;2;0;0;0;0;0;0;0;0;0;0;0;0;0;3
461;;;;;;;;;;;1;;;;;;;;;;;;;;;;0;0;0;0;0;0;0;0;0;0;4;0;0;0;0;0;0;0;0;0;0;0;11
462;;;1;1;;1;;;1;;;;;;;;;;;;;;;;;;0;0;3;5;3;5;0;0;5;0;0;0;0;0;1;2;0;0;1;0;0;0;9
463;;;1;;;;;;;;;;;;;;;;;;;;;;;;1;0;4;3;1;1;1;1;1;1;0;0;0;1;0;1;0;0;0;0;1;0;3
464;;;;;1;1;;;1;;;;;;;;;;;;;;;;;;0;0;0;1;5;5;2;2;5;0;0;0;0;1;0;2;0;0;0;0;1;0;9
465;;;1;;;;;;;;;;;;;;;;;;;;;;;;0;0;3;0;0;0;0;0;0;0;1;0;0;0;0;1;0;0;0;0;0;1;3
466;;;;;;;;;1;;;;;;;;;;;;;;;;;;0;0;0;2;2;3;0;1;5;0;0;0;0;0;1;1;0;0;0;0;0;1;9
467;;;1;;;;;;;;1;;;;;;;;;;;;;;;;0;1;0;0;0;0;0;0;0;0;5;0;0;0;0;2;0;0;0;0;0;1;11
468;1;;;1;;;;;1;;;;;;;;;;;;;;;;;;4;2;3;4;1;1;1;1;4;1;0;0;0;1;0;2;0;0;0;1;0;0;3
469;1;;1;1;;;;;1;;1;;;;;;;;;;;;;;;;3;0;3;2;1;1;1;1;2;1;3;0;0;1;0;2;0;0;0;0;1;0;11
470;;;1;1;;;;;;;1;;;;;;;;;;;;;;;;3;0;3;0;0;0;0;0;0;0;3;0;0;0;0;0;0;0;0;0;0;0;
471;;;1;1;;1;;;;;;;;;;;;;;;;;;;;;1;0;4;4;2;4;1;1;3;1;0;0;0;0;1;2;0;0;0;0;1;0;3
472;;;;;;;;;;;;;1;;;;;;;;;;;;;;5;0;3;3;2;1;2;2;3;4;4;0;0;0;1;2;0;0;0;0;0;1;1
473;;;1;1;;1;;;;;;;;;;;;;;;;;;;;;0;0;5;4;0;3;0;0;0;0;0;0;0;0;1;2;0;0;0;1;0;0;3
474;;;1;;;;;;1;;;;;;;;;;;;;;;;;;3;0;5;3;0;0;0;0;3;0;0;0;0;0;0;1;0;0;0;1;0;0;3
475;;1;;;;;;;1;;;;;;;;;;;;;;;;;;0;4;0;0;0;0;0;0;4;0;0;0;0;1;0;2;0;0;0;1;0;0;9
476;;;1;;;;;1;1;;;;;;;;;;;;;;;;;;0;0;4;0;0;0;0;3;3;0;2;0;0;1;0;2;0;0;0;0;0;1;3
477;;;;1;;;;;1;;;;;;;;;;;;;;;;;;0;0;3;5;0;0;0;0;4;0;2;0;0;0;1;1;0;0;1;0;0;0;4
478;1;;1;;;;;1;;;;;;;;;;;;;;;;;;;3;0;5;0;0;0;0;2;0;0;0;0;0;0;0;0;0;0;0;0;0;0;
479;;;;1;1;;;;1;;;;;;;;;;;;;;;;;;0;0;0;5;4;2;0;1;5;0;0;0;0;1;1;2;1;0;0;0;0;0;9
480;;;;1;;;;;;;;;;;;;;;;;;;;;;;0;0;2;5;1;0;0;3;4;0;0;0;0;0;1;2;0;0;0;1;0;0;4
481;;;1;1;;;;;;;;;;;;;;;;;;;;;;;0;0;5;3;0;0;0;0;2;0;2;0;0;1;1;1;0;0;0;1;0;0;3
482;;;;;;;;;;;;1;;;;;;;;;;;;;;;0;0;0;0;0;0;0;0;0;0;0;1;0;0;1;1;0;1;0;0;0;0;12
483;;;1;1;;;;;;;;;;;;;;;;;;;;;;;0;0;5;4;0;0;0;0;0;0;0;0;0;0;1;2;0;0;0;1;0;0;3
484;;;;;;;;;;;;1;;;;;;;;;;;;;;;0;0;0;3;2;2;0;2;0;0;0;0;0;0;1;2;0;0;0;0;0;1;6
485;;;;;;;;;;;;1;;;;;;;;;;;;;;;2;0;5;1;0;0;0;0;0;0;0;0;0;0;0;2;0;0;0;0;1;0;3
486;;;;1;;;;;1;;;;;;;;;;;;;;;;;;0;0;0;3;0;2;0;0;5;0;0;0;0;0;0;2;1;0;0;0;0;0;9
487;;;;;;;;;;;1;;;;;;;;;;;;;;;;0;0;3;2;0;0;0;0;0;0;4;0;0;0;0;1;1;0;0;0;0;0;11
488;;1;;;;;;;1;;;;;;;;;;;;;;;;;;0;4;2;1;0;0;0;0;4;0;0;0;0;1;0;1;0;1;0;0;0;0;9
489;1;;;;;;;;;;;;;;;;;;;;;;;;;;3;0;3;2;0;0;2;0;2;2;2;0;0;0;0;1;0;0;1;0;0;0;1
490;;;;1;;;;;1;;;;;;;;;;;;;;;;;;0;0;3;5;2;3;0;1;4;0;0;0;0;1;0;2;0;0;0;0;1;0;4
491;;;1;1;;;;;;;;;;;;;;;;;;;;;;;0;0;3;5;2;0;1;1;2;1;0;0;0;1;1;1;0;0;0;0;1;0;3
492;;;1;1;;1;;;;;;;;;;;;;;;;;;;;;0;0;5;2;0;4;0;0;0;0;0;0;0;0;1;1;1;0;0;0;0;0;3
493;;;1;1;;;;;1;;;;;;;;;;;;;;;;;;0;0;3;2;1;2;0;0;3;0;2;0;0;1;1;2;0;0;0;1;0;0;3
494;1;;1;;;;;;;;1;;;;;;;;;;;;;;;;3;0;2;0;0;0;0;0;0;0;5;0;0;1;1;2;0;0;0;0;1;0;11
495;;1;1;;;;;;;;1;;;;;;;;;;;;;;;;0;4;4;2;0;0;0;0;1;0;5;0;0;1;1;1;0;0;1;0;0;0;11
496;;1;;;;;;;;;1;;;;;;;;;;;;;;;;1;4;0;0;0;0;0;0;0;2;5;0;0;0;1;2;0;0;0;0;0;1;11
497;;;1;1;1;;;1;;;;;;;;;;;;;;;;;;;1;0;4;3;2;1;1;1;3;1;0;0;0;0;1;2;0;0;0;0;1;0;3
498;;;;1;1;;;;1;;;;;;;;;;;;;;;;;;0;0;2;4;2;1;0;0;3;0;1;0;0;0;1;1;0;1;0;0;0;0;4
499;;;;1;1;;;;1;;;;;;;;;;;;;;;;;;0;0;2;4;3;3;1;1;3;1;0;0;0;0;1;2;0;1;0;0;0;0;4
500;1;1;;;;;;;;;;;;;;;;;;;;;;;;;5;4;1;0;0;0;0;0;0;0;2;0;0;1;0;2;0;0;0;0;1;0;1
501;;;1;1;;;;;;;;;;;;;;;;;;;;;;;0;0;5;4;0;0;0;2;0;0;0;0;0;0;0;1;0;0;1;0;0;0;3
502;1;;;1;1;1;1;1;1;;;;;;;;;;;;;;;;;;1;0;1;4;3;3;3;1;5;0;0;0;0;0;1;2;0;0;1;0;0;0;9
503;;;;1;;;;;;;;;;;;;;;;;;;;;;;0;0;0;5;0;1;0;0;3;0;0;0;0;0;1;2;0;0;0;0;0;1;4
504;;;;1;;;;;1;1;;;;;;;;;;;;;;;;;0;0;2;1;1;1;0;0;5;5;0;0;0;1;1;2;1;0;0;0;0;0;9
505;;;;;;1;;;1;;;;;;;;;;;;;;;;;;0;0;0;0;0;2;0;0;5;0;0;0;0;0;1;2;1;0;0;0;0;0;9
506;;;;1;;;;;;;;;;;;;;;;;;;;;;;0;0;0;1;0;0;0;0;0;0;0;0;0;0;1;2;0;0;1;0;0;0;4
507;;;;1;;;;;1;;;;;;;;;;;;;;;;;;0;0;2;5;0;0;0;0;2;0;0;0;0;0;1;1;1;0;0;0;0;0;4
508;;;;1;;;;;1;;;;;;;;;;;;;;;;;;0;0;2;3;0;0;0;0;4;0;0;0;0;0;1;2;0;0;0;1;0;0;9
509;1;;1;;;;1;1;;;1;;;;;;;;;;;;;;;;2;0;1;0;0;0;1;2;0;1;5;0;0;0;0;1;0;0;0;0;0;1;11
510;1;;1;;;;;;;;;;;;;;;;;;;;;;;;5;1;3;3;2;3;0;2;3;2;1;0;0;1;0;2;0;1;0;0;0;0;1
511;;;;;;;;1;;;1;;;;;;;;;;;;;;;;0;0;0;0;0;0;0;5;0;0;3;0;0;0;1;2;0;0;1;0;0;0;
512;;;;1;;1;1;;1;;;;;;;;;;;;;;;;;;0;0;1;2;0;0;4;0;5;0;0;0;0;0;0;1;0;0;0;1;0;0;9
513;;;;;;;;;1;;;;;;;;;;;;;;;;;;0;0;1;3;3;3;0;0;5;0;1;0;0;0;0;2;0;1;0;0;0;0;9
514;;;1;1;;;;;;;;;;;;;;;;;;;;;;;0;0;4;5;0;0;0;2;2;0;1;0;0;0;1;2;0;0;0;1;0;0;4
515;;;;;;;;;1;;;;;;;;;;;;;;;;;;1;0;0;0;0;0;0;0;3;1;0;0;0;0;1;2;0;0;0;1;0;0;9
516;;1;;1;;;;;1;;;;;;;;;;;;;;;;;;0;3;1;1;0;0;0;0;3;0;0;0;0;0;0;1;0;0;1;0;0;0;9
517;;;;1;;1;;;1;;;;;;;;;;;;;;;;;;0;0;1;3;2;4;0;0;5;0;0;0;0;0;1;1;0;1;0;0;0;0;9
518;;;1;1;1;;;;1;;;;;;;;;;;;;;;;;;0;0;3;4;2;0;0;0;2;0;0;0;0;1;1;2;1;0;0;0;0;0;4
519;;;1;1;;1;;;1;;;;;;;;;;;;;;;;;;0;0;4;3;1;2;0;0;5;0;0;0;0;0;0;2;0;0;0;1;0;0;9
520;;;1;1;;;;;1;;;;;;;;;;;;;;;;;;0;0;4;2;0;0;0;0;3;0;0;0;0;0;0;2;0;1;0;0;0;0;3
521;;;;;;;;;1;;;;;;;;;;;;;;;;;;0;0;0;0;0;5;0;0;5;0;0;0;0;0;1;1;1;0;0;0;0;0;9
522;;;;1;;1;;;1;;;;;;;;;;;;;;;;;;1;0;3;3;3;5;1;2;3;1;0;0;0;1;1;1;0;1;0;0;0;0;3
523;;;1;;;;;1;1;;;;;;;;;;;;;;;;;;0;0;3;1;1;0;0;3;2;0;0;0;0;0;1;2;0;0;0;1;0;0;8
524;;;1;1;;;;;;;;;;;;;;;;;;;;;;;0;0;3;5;0;0;0;0;1;0;0;0;0;1;1;2;0;1;0;0;0;0;4
525;;;;;;;;;;;;1;;;;;;;;;;;;;;;0;0;0;0;0;0;0;0;0;0;0;1;0;0;0;0;0;0;0;0;0;0;
526;;;;;;;;;1;1;;;;;;;;;;;;;;;;;0;0;0;0;0;0;0;0;3;4;0;0;0;1;0;2;0;0;1;0;0;0;10
527;;;;1;1;1;;;1;;;;;;;;;;;;;;;;;;0;0;0;2;4;4;0;0;5;0;0;0;0;0;1;2;0;0;1;0;0;0;9
528;;;1;;;;;;;;1;;;;;;;;;;;;;;;;1;0;3;2;0;0;0;0;2;0;5;0;0;1;0;1;0;0;0;0;1;0;11
529;;;1;1;;1;;;;;;;;;;;;;;;;;;;;;0;0;3;5;1;1;1;0;3;0;0;0;0;1;1;1;0;0;0;1;0;0;4
530;;;;1;1;1;;;1;;;;;;;;;;;;;;;;;;0;0;0;5;5;5;2;2;5;2;0;0;0;1;0;1;0;1;0;0;0;0;9
531;;;;1;;;;;;;;;;;;;;;;;;;;;;;0;0;4;5;1;1;0;0;0;0;0;0;0;0;1;2;0;1;0;0;0;0;4
532;;;;1;;1;;;1;;;;;;;;;;;;;;;;;;0;0;0;3;2;5;0;2;4;0;0;0;0;1;1;1;0;0;0;1;0;0;9
533;;;;;;;;;;;;1;;;;;;;;;;;;;;;0;0;0;0;0;0;0;0;0;0;0;0;1;1;1;0;0;0;0;0;1;0;3
534;;;;1;;;;;;;;;;;;;;;;;;;;;;;0;0;3;5;1;2;0;0;2;0;1;0;0;0;1;1;0;0;0;0;0;1;4
535;;;;1;1;1;;;1;1;;;;;;;;;;;;;;;;;0;0;3;5;1;2;0;0;4;0;0;0;0;1;0;1;0;0;1;0;0;0;4
536;;;1;1;;;;;;;;;;;;;;;;;;;;;;;0;0;3;2;0;0;0;0;1;0;0;0;0;0;0;2;0;0;0;0;0;1;3
537;1;1;1;;;;;;;1;1;;;;;;;;;;;;;;;;5;3;4;0;0;0;0;0;0;4;3;0;0;0;0;1;0;0;0;1;0;0;1
538;;;1;;;;;;;;;;;;;;;;;;;;;;;;3;0;5;3;0;0;0;4;2;0;0;0;0;1;1;1;0;0;0;0;0;1;3
539;;;;1;1;1;;;1;;;;;;;;;;;;;;;;;;0;0;3;5;4;4;0;2;4;0;0;0;0;0;1;1;0;0;0;1;0;0;4
540;;1;;;;;;;1;;;;;;;;;;;;;;;;;;0;3;0;0;0;0;0;0;3;0;0;0;0;1;0;1;0;0;0;1;0;0;9
541;;;;;;;;;;;;;1;;;;;;;;;;;;;;0;0;0;0;0;0;0;0;0;0;5;0;0;0;0;2;0;0;0;0;0;1;11
542;;;;1;;;;;1;;;;;;;;;;;;;;;;;;0;0;0;3;0;0;0;0;4;0;1;0;0;0;0;2;0;1;0;0;0;0;9
543;;;;;;;;;;;1;;;;;;;;;;;;;;;;1;2;1;0;0;0;0;1;0;0;5;0;0;1;1;1;0;0;0;0;0;1;11
544;;;1;;;;;;;;1;;;;;;;;;;;;;;;;0;0;5;0;0;0;0;0;0;0;2;0;0;0;0;1;0;0;1;0;0;0;3
545;;;1;;;;;;1;;;;;;;;;;;;;;;;;;0;0;3;0;0;0;0;0;1;0;0;0;0;1;0;1;1;0;0;0;0;0;3
546;;;;;;;;;;;1;;;;;;;;;;;;;;;;0;0;0;0;0;0;0;0;0;0;5;0;0;0;0;2;0;1;0;0;0;0;11
547;;;;;;;;;;;1;;;;;;;;;;;;;;;;0;0;0;0;0;0;0;0;0;0;5;0;0;0;0;1;0;0;0;0;1;0;11
548;;;1;;;;;;;;1;;;;;;;;;;;;;;;;3;1;4;2;0;0;1;2;0;2;5;0;0;1;1;1;0;1;0;0;0;0;11
549;;;;1;;;;;1;;;;;;;;;;;;;;;;;;4;5;3;2;4;4;4;4;1;4;4;0;0;0;1;2;0;0;0;0;0;1;9
550;;;;1;;;;;;;;;;;;;;;;;;;;;;;0;0;1;3;2;2;4;3;4;2;0;0;0;1;1;2;0;0;0;1;0;0;4
551;1;;1;;;;;;;;1;;;;;;;;;;;;;;;;3;0;3;1;0;0;0;0;1;0;5;0;0;0;0;0;0;0;0;0;0;0;11
552;;;;;;;;;;;;1;;;;;;;;;;;;;;;0;0;0;0;0;0;0;0;0;0;0;1;0;0;0;0;0;0;0;0;0;1;
553;;;1;1;;;;;1;;;;;;;;;;;;;;;;;;0;0;3;4;1;2;0;0;5;1;0;0;0;1;0;2;0;0;1;0;0;0;3
554;;;;1;;;;;1;;;;;;;;;;;;;;;;;;0;0;0;5;0;0;0;0;4;0;0;0;0;0;1;1;0;0;0;0;1;0;9
555;;;;1;;;;;;;;;;;;;;;;;;;;;;;0;0;0;5;0;0;0;0;0;0;0;0;0;1;1;2;1;0;0;0;0;0;4
556;;;;;;;;;;;;;1;;;;;;;;;;;;;;0;0;0;1;0;0;0;0;1;0;0;0;0;0;0;2;0;0;0;0;0;1;9
557;;;;1;;;;;1;;;;;;;;;;;;;;;;;;0;0;0;2;1;1;0;0;5;0;0;0;0;0;1;1;0;0;0;1;0;0;9
558;;;;1;;1;;;1;;;;;;;;;;;;;;;;;;0;0;0;4;0;4;0;0;5;0;0;0;0;1;1;2;0;1;0;0;0;0;9
559;;;1;1;;;;;1;;;;;;;;;;;;;;;;;;0;0;5;5;0;0;0;1;3;0;0;0;0;0;0;0;0;0;0;0;0;0;
560;1;1;;;;;;;;;;;;;;;;;;;;;;;;;5;4;2;1;0;0;1;0;3;1;0;0;0;1;0;1;0;0;1;0;0;0;2
561;;;;1;;;;;1;;;;;;;;;;;;;;;;;;0;0;0;5;0;0;0;0;4;0;0;0;0;0;1;2;0;0;0;0;1;0;4
562;;;1;;;;;1;;;1;;;;;;;;;;;;;;;;0;0;3;0;0;0;0;2;0;0;3;0;0;0;0;2;0;0;0;0;1;0;11
563;;;;;;1;;;1;;;;;;;;;;;;;;;;;;0;0;0;1;1;3;0;0;5;0;0;0;0;0;1;1;0;0;0;0;1;0;9
564;1;;;;;;;;;;;;;;;;;;;;;;;;;;5;2;0;0;2;0;0;0;1;1;0;0;0;1;0;2;0;1;0;0;0;0;1
565;;;1;;;;;;;;1;;;;;;;;;;;;;;;;0;0;4;0;0;0;0;0;0;0;5;0;0;1;0;2;0;0;1;0;0;0;11
566;1;1;1;;;;;;;;1;;;;;;;;;;;;;;;;3;0;4;0;0;0;0;0;0;0;5;0;0;0;1;1;0;1;0;0;0;0;11
567;;;1;1;;;;;1;;;;;;;;;;;;;;;;;;0;0;4;2;0;0;0;0;2;0;0;0;0;0;0;2;1;0;0;0;0;0;3
568;;;;;;;;;;;;1;;;;;;;;;;;;;;;0;4;2;5;3;2;1;0;3;1;1;0;0;1;0;2;0;0;0;1;0;0;4
569;1;1;;;;;;;1;;;;;;;;;;;;;;;;;;3;5;0;0;0;0;0;0;3;0;0;0;0;0;1;1;0;0;0;1;0;0;2
570;;;;1;;;1;;1;;;;;;;;;;;;;;;;;;0;0;0;4;2;2;2;0;5;0;0;0;0;1;1;1;0;0;0;1;0;0;9
571;;;1;;;;;;;;;;;;;;;;;;;;;;;;0;0;5;0;0;0;0;0;2;0;0;0;0;1;0;2;0;1;0;0;0;0;3
572;;1;;;;;;;1;;;;;;;;;;;;;;;;;;0;3;0;0;0;0;0;0;5;0;0;0;0;0;1;2;0;0;0;0;1;0;2
573;;;;;;;;;1;;;;;;;;;;;;;;;;;;0;0;0;3;0;0;0;0;4;0;0;0;0;1;0;1;1;0;0;0;0;0;9
574;;1;;;;;;;1;;;;;;;;;;;;;;;;;;0;3;0;0;0;0;0;0;5;0;0;0;0;1;1;1;0;0;0;0;1;0;9
575;1;;1;;1;;;;;;;;;;;;;;;;;;;;;;2;0;2;1;2;0;0;0;1;0;0;0;0;1;1;2;0;1;0;0;0;0;
576;1;1;;;;;;;;;1;;;;;;;;;;;;;;;;3;5;0;0;0;2;0;0;0;2;4;0;0;1;1;2;0;0;0;0;1;0;1
577;1;;;;;1;;1;;;;;;;;;;;;;;;;;;;3;2;0;1;2;3;1;3;0;1;0;0;0;0;0;1;0;0;1;0;0;0;8
578;;;;1;;;;;;;;;;;;;;;;;;;;;;;1;0;0;2;1;0;0;0;0;0;0;0;0;1;0;2;0;0;1;0;0;0;4
579;;;;;;;;;1;;;;;;;;;;;;;;;;;;0;0;3;2;0;0;0;0;5;0;0;0;0;1;0;2;0;0;0;0;1;0;9
580;;;1;;;;;;1;;1;;;;;;;;;;;;;;;;0;0;4;0;0;0;0;0;4;0;5;0;0;1;0;2;1;0;0;0;0;0;
581;;;1;;;;;;;;1;;;;;;;;;;;;;;;;0;0;5;1;0;0;0;2;1;0;4;0;0;0;1;1;0;1;0;0;0;0;3
582;;;1;1;;;;;1;;;;;;;;;;;;;;;;;;0;0;3;0;0;4;0;5;0;4;0;0;0;1;1;2;1;0;0;0;0;0;3
583;1;;1;;;;;;;;;;;;;;;;;;;;;;;;5;0;3;3;0;0;0;0;2;0;2;0;0;1;1;2;0;1;0;0;0;0;1
584;1;;;;;1;;;;;;;;;;;;;;;;;;;;;4;2;1;1;1;3;1;1;1;1;0;0;0;1;0;2;0;0;1;0;0;0;1
585;;;1;1;;;;;1;;;;;;;;;;;;;;;;;;0;0;3;4;2;2;0;1;3;0;0;0;0;1;0;2;0;0;0;0;0;1;4
586;;;;;;;;;;;1;;;;;;;;;;;;;;;;0;0;0;0;0;0;0;0;0;0;4;0;0;0;0;2;0;0;1;0;0;0;11
587;;;1;1;;;;;1;;;;;;;;;;;;;;;;;;2;0;3;4;0;1;0;1;4;1;3;0;0;1;0;1;0;0;0;1;0;0;9
588;;;;1;;1;;;1;;;;;;;;;;;;;;;;;;0;0;1;3;1;4;0;0;5;0;0;0;0;0;1;1;0;0;0;1;0;0;9
589;;1;;;;;;;1;;;;;;;;;;;;;;;;;;2;5;3;0;2;3;2;1;5;1;0;0;0;0;1;1;0;0;0;0;1;0;2
590;;;;;1;1;;;1;;;;;;;;;;;;;;;;;;0;0;0;2;4;5;0;0;3;0;0;0;0;0;1;2;0;0;1;0;0;0;6
591;;;;;;;;;;;;;1;;;;;;;;;;;;;;0;3;2;0;0;5;0;0;0;0;0;0;0;0;0;2;0;0;0;0;1;0;2
592;;;1;;;;;;;;;;;;;;;;;;;;;;;;1;5;0;0;1;1;0;0;0;0;0;0;0;1;1;1;0;0;0;0;1;0;3
593;;;;1;;1;;;1;;;;;;;;;;;;;;;;;;0;0;0;4;0;3;0;0;5;0;0;0;0;1;1;2;0;0;0;1;0;0;9
594;;;;;;;;;;;;1;;;;;;;;;;;;;;;0;0;0;0;0;0;0;0;0;0;0;1;0;1;0;2;1;0;0;0;0;0;11
595;;;1;;;;;;;;1;;;;;;;;;;;;;;;;4;3;4;2;0;0;0;0;0;0;5;0;0;0;1;2;0;0;0;0;1;0;11
596;1;1;;;;;;;;;;;;;;;;;;;;;;;;;5;3;0;0;0;0;0;0;0;0;0;0;0;1;0;2;0;0;0;0;1;0;1
597;;;;;;1;1;;;1;;;;;;;;;;;;;;;;;0;0;0;0;0;3;2;0;0;2;0;0;0;1;0;2;0;1;0;0;0;0;6
598;;1;;;;;;;;;;;;;;;;;;;;;;;;;0;5;0;0;0;0;0;0;0;0;0;0;0;0;1;1;0;1;0;0;0;0;2
599;;;;1;;1;;;1;;;;;;;;;;;;;;;;;;0;0;0;2;2;3;0;0;5;0;0;0;0;0;1;1;0;1;0;0;0;0;9
600;1;1;;1;;1;;1;;;;;;;;;;;;;;;;;;;3;3;0;4;0;4;0;4;0;3;0;0;0;0;1;1;1;0;0;0;0;0;4
601;;;;;1;1;;;1;1;;;;;;;;;;;;;;;;;0;0;0;2;3;4;0;0;5;3;0;0;0;0;0;2;0;0;0;0;1;0;9
602;1;1;;;;;;1;;;;;;;;;;;;;;;;;;;3;5;0;0;0;0;0;3;0;0;0;0;0;1;1;1;0;1;0;0;0;0;2
603;;;;;;;;;1;1;;;;;;;;;;;;;;;;;0;5;0;4;0;0;0;0;1;2;4;0;0;0;1;2;0;0;1;0;0;0;9
604;1;1;;;;;;;;;;;;;;;;;;;;;;;;;4;5;0;0;2;1;0;0;0;0;0;0;0;0;1;1;0;0;0;0;1;0;2
605;;;1;1;1;1;;1;1;1;;;;;;;;;;;;;;;;;0;1;3;4;1;1;2;0;3;0;2;0;0;1;1;1;0;1;0;0;0;0;4
606;;;;;;;;;;;;;1;;;;;;;;;;;;;;0;0;0;2;0;0;0;0;5;0;0;0;0;1;0;2;0;0;0;0;1;0;9
607;;;1;1;;;;;1;;;;;;;;;;;;;;;;;;0;0;4;3;0;0;0;0;5;0;0;0;0;0;1;2;0;0;0;0;1;0;3
608;;;1;;1;;;;1;1;;;;;;;;;;;;;;;;;0;0;3;5;4;2;2;2;3;2;1;0;0;0;1;2;0;0;0;0;1;0;3
609;;;1;1;;;;;1;;;;;;;;;;;;;;;;;;0;0;4;1;0;0;0;0;1;0;0;0;0;1;1;2;0;0;0;1;0;0;3
610;1;1;;;;;;;;;1;;;;;;;;;;;;;;;;5;3;0;0;0;0;1;3;0;1;4;0;0;1;1;1;0;0;0;1;0;0;11
611;;;1;1;;;;;1;;;;;;;;;;;;;;;;;;1;0;4;3;1;0;0;0;2;1;0;0;0;1;1;2;0;0;0;1;0;0;3
612;;;;;1;1;;;1;;;;;;;;;;;;;;;;;;0;0;0;0;4;5;0;0;3;0;0;0;0;1;0;1;0;0;0;1;0;0;9
613;;;1;1;;;;;1;;;;;;;;;;;;;;;;;;0;0;5;4;0;0;0;0;3;0;0;0;0;1;1;1;0;1;0;0;0;0;3
614;1;;;;;;;;;;1;;;;;;;;;;;;;;;;5;0;1;1;0;0;1;1;0;0;4;0;0;1;1;1;0;0;1;0;0;0;1
615;;;1;;;;;;;;1;;;;;;;;;;;;;;;;0;0;2;1;0;0;0;0;1;0;5;0;0;0;0;2;0;0;0;0;0;1;
616;1;;;;;;;;;;1;;;;;;;;;;;;;;;;3;0;0;0;0;0;0;0;0;0;3;0;0;1;1;2;0;0;0;0;1;0;1
617;;;;;;;;;;;;1;;;;;;;;;;;;;;;0;0;0;0;0;0;0;0;3;0;0;0;0;0;0;2;0;0;0;0;0;1;9
618;;1;;;;;;;;;;;;;;;;;;;;;;;;;0;5;0;0;0;0;0;0;0;0;0;0;0;0;1;2;0;0;0;0;0;1;2
619;;;;;;;;;;;;1;;;;;;;;;;;;;;;0;0;0;0;0;0;0;0;0;0;0;1;0;1;0;1;0;0;0;1;0;0;12
620;;;;;;;;;;;;1;;;;;;;;;;;;;;;0;0;1;3;3;4;0;0;4;0;0;0;0;0;0;1;1;0;0;0;0;0;9
621;;;;;;;;;;;;1;;;;;;;;;;;;;;;5;0;0;0;0;0;0;0;0;0;0;0;0;1;0;2;0;0;0;0;0;1;1
622;;;;1;1;1;;;;;;;;;;;;;;;;;;;;;0;0;3;5;4;4;0;0;2;0;0;0;0;1;1;1;0;0;0;1;0;0;4
623;;;;1;;1;;;1;;;;;;;;;;;;;;;;;;3;0;2;5;3;5;2;2;3;0;0;0;0;1;0;2;0;0;0;1;0;0;9
624;;;;1;1;1;;;1;;;;;;;;;;;;;;;;;;0;0;0;3;2;4;0;0;5;0;0;0;0;0;0;0;0;0;0;0;0;0;
625;1;;;;;;;;1;;;;;;;;;;;;;;;;;;4;1;0;0;1;0;0;1;2;1;0;0;0;0;0;1;0;0;0;0;0;0;1
626;;;1;1;;;;;1;;;;;;;;;;;;;;;;;;0;0;3;5;0;0;0;0;4;0;0;0;0;1;0;2;0;0;1;0;0;0;4
627;;;;1;;1;;;1;;;;;;;;;;;;;;;;;;0;0;0;3;5;5;0;0;5;0;0;0;0;1;1;2;0;0;0;1;0;0;9
628;;;1;;;;;;;;;;;;;;;;;;;;;;;;0;0;5;2;1;1;0;0;1;0;1;0;0;0;1;2;0;0;0;0;1;0;3
629;;;;;;;;;;;1;;;;;;;;;;;;;;;;0;0;0;0;0;0;0;0;0;0;5;0;0;0;1;2;0;0;0;0;0;1;11
630;;;1;;;;;;;;1;;;;;;;;;;;;;;;;0;0;4;0;0;0;0;0;0;0;5;0;0;1;0;2;0;0;0;0;0;1;11
631;;;1;1;;;;;1;;1;;;;;;;;;;;;;;;;0;0;5;3;1;1;1;1;4;1;3;0;0;1;0;2;0;0;0;0;1;0;3
632;;;1;;;;;;1;;1;;;;;;;;;;;;;;;;0;0;5;1;0;0;1;1;3;0;3;0;0;1;1;2;0;1;0;0;0;0;3
633;;;1;;;;;;;;1;;;;;;;;;;;;;;;;1;0;2;0;0;0;0;0;0;0;2;0;0;0;1;2;0;0;1;0;0;0;3
634;;;1;;1;;;;;;1;;;;;;;;;;;;;;;;1;0;5;2;2;1;0;0;1;0;2;0;0;0;1;2;0;0;0;1;0;0;12
635;;;1;;;;;;;;1;;;;;;;;;;;;;;;;2;0;3;0;0;0;0;0;0;0;5;0;0;1;0;1;0;0;0;0;0;1;11
636;;1;;;;;;;;;;;;;;;;;;;;;;;;;4;5;0;0;0;0;5;5;0;0;0;0;0;0;0;0;0;0;0;0;0;0;2
637;;;;;;;;;;;1;;;;;;;;;;;;;;;;0;0;0;0;0;0;0;0;0;0;3;0;0;0;1;2;0;0;1;0;0;0;11
638;;;;;;;;;;;;1;;;;;;;;;;;;;;;0;0;0;0;0;0;0;0;0;0;0;1;0;0;0;0;0;0;0;0;0;0;
639;;;1;;;;;;1;;;;;;;;;;;;;;;;;;0;0;4;5;0;0;0;0;3;0;0;0;0;1;1;2;0;0;0;0;1;0;4
640;;;1;1;;;;;1;;;;;;;;;;;;;;;;;;0;0;2;5;2;2;0;0;4;0;0;0;0;1;0;2;0;0;0;1;0;0;3
641;;;;;;;;;;;;1;;;;;;;;;;;;;;;2;0;3;4;2;2;1;1;5;1;0;0;0;0;1;1;0;0;0;0;1;0;9
642;;;1;1;;1;;;;;;;;;;;;;;;;;;;;;0;0;3;2;0;0;0;2;0;0;0;0;0;1;0;1;0;0;0;1;0;0;3
643;;;;1;;;;;1;;;;;;;;;;;;;;;;;;0;0;2;5;2;3;0;0;4;0;0;0;0;0;0;2;0;0;0;1;0;0;9
644;0;0;1;0;0;0;0;0;1;0;0;;;;;;;;;;;;;;;;0;0;2;3;0;0;0;0;2;0;0;0;0;0;0;2;1;0;0;0;0;0;4
645;0;0;0;0;0;0;0;0;0;0;0;1;;;;;;;;;;;;;;;0;0;0;0;0;0;0;0;0;0;0;1;0;0;0;1;0;0;1;0;0;0;
646;0;0;1;1;0;0;0;0;1;0;0;;;;;;;;;;;;;;;;2;0;0;3;3;3;0;0;4;0;0;0;0;0;0;1;1;0;0;0;0;0;9
647;0;0;0;1;0;1;0;0;1;0;0;;;;;;;;;;;;;;;;0;0;1;4;0;3;0;0;5;0;0;0;0;0;0;1;1;0;0;0;0;0;9
648;0;0;0;1;0;1;0;0;1;0;0;;;;;;;;;;;;;;;;0;0;0;3;0;4;0;5;0;0;0;0;0;0;0;2;1;0;0;0;0;0;9
649;0;0;1;0;0;0;0;0;1;0;0;;;;;;;;;;;;;;;;0;0;0;0;0;0;0;0;5;0;0;0;0;0;0;2;1;0;0;0;0;0;9
650;0;0;1;1;0;0;0;0;0;0;0;;;;;;;;;;;;;;;;0;0;5;4;1;1;0;0;1;0;0;0;0;0;0;2;0;0;0;0;1;0;3
651;0;0;0;0;0;0;0;0;1;0;0;;;;;;;;;;;;;;;;0;0;3;2;0;0;0;0;4;0;0;0;0;0;0;1;0;0;0;1;0;0;9
652;0;0;1;0;0;0;0;0;0;0;0;;;;;;;;;;;;;;;;0;0;2;1;0;0;0;0;1;0;0;0;0;0;0;2;1;0;0;0;0;0;12
653;0;0;0;0;0;0;0;0;1;0;0;;;;;;;;;;;;;;;;0;0;0;0;0;0;0;0;3;0;0;0;0;0;0;2;0;0;0;0;0;1;9
654;0;0;1;0;0;0;1;0;1;0;0;;;;;;;;;;;;;;;;0;0;4;0;0;0;4;0;5;0;3;0;0;0;0;1;0;1;0;0;0;0;9
655;1;1;1;0;0;0;0;0;1;0;0;;;;;;;;;;;;;;;;3;2;5;3;0;1;0;1;3;0;2;0;0;0;0;1;0;1;0;0;0;0;3
656;0;0;1;1;1;1;0;0;1;0;0;;;;;;;;;;;;;;;;0;0;2;5;1;1;0;0;2;0;0;0;0;0;0;1;0;0;0;0;1;0;4
657;0;0;1;1;0;1;1;1;1;1;0;;;;;;;;;;;;;;;;0;0;4;5;0;5;3;3;3;3;0;0;0;0;0;2;0;1;0;0;0;0;3
658;0;0;1;1;0;1;0;0;1;0;0;;;;;;;;;;;;;;;;0;0;0;0;0;0;0;0;0;0;0;1;0;0;0;2;1;0;0;0;0;0;4
659;0;0;0;1;0;1;0;0;1;0;0;;;;;;;;;;;;;;;;0;0;2;4;2;2;0;0;4;1;0;0;0;0;0;2;1;0;0;0;0;0;4
660;0;0;1;0;0;0;0;0;0;0;0;;;;;;;;;;;;;;;;0;0;5;0;0;0;0;0;2;0;1;0;0;0;0;2;1;0;0;0;0;0;3
661;0;0;1;1;0;0;0;0;1;0;0;;;;;;;;;;;;;;;;0;0;4;4;0;0;0;0;5;0;0;0;0;0;0;1;0;1;0;0;0;0;9
662;0;0;0;0;0;0;0;0;0;0;1;;;;;;;;;;;;;;;;2;0;2;2;0;0;0;0;1;1;5;0;0;0;0;2;0;0;0;0;1;0;11
663;0;0;0;0;0;0;0;0;1;1;0;;;;;;;;;;;;;;;;0;0;0;0;0;0;0;0;3;5;0;0;0;0;0;1;0;1;0;0;0;0;9
664;0;0;1;1;0;0;0;0;0;0;0;;;;;;;;;;;;;;;;0;2;4;3;0;3;0;0;1;0;0;0;0;0;0;2;1;0;0;0;0;0;3
665;0;0;1;1;0;1;0;0;1;0;0;;;;;;;;;;;;;;;;0;0;3;5;2;2;0;0;3;0;0;0;0;0;0;2;0;0;1;0;0;0;4
666;0;1;0;0;0;0;0;0;1;0;1;;;;;;;;;;;;;;;;0;4;0;0;0;0;0;0;4;0;4;0;0;0;0;2;0;0;1;0;0;0;11
667;0;0;1;1;0;1;0;0;0;0;0;;;;;;;;;;;;;;;;0;0;2;4;0;3;0;2;2;0;0;0;0;0;0;1;0;0;1;0;0;0;4
668;0;0;1;1;0;0;0;0;0;0;0;;;;;;;;;;;;;;;;0;0;3;2;0;0;0;0;1;0;0;0;0;0;0;2;0;1;0;0;0;0;3
669;0;1;1;0;0;1;0;0;0;0;0;;;;;;;;;;;;;;;;0;0;3;0;0;2;0;0;3;0;0;0;0;0;0;2;0;0;0;1;0;0;10
670;0;0;1;1;0;0;0;0;0;0;0;;;;;;;;;;;;;;;;0;0;4;2;0;0;0;0;0;0;1;0;0;0;0;1;0;0;1;0;0;0;3
671;0;0;0;1;0;0;0;0;1;0;0;;;;;;;;;;;;;;;;0;0;0;3;0;2;0;0;4;3;0;0;0;0;0;2;1;0;0;0;0;0;9
672;0;0;0;0;0;1;0;0;1;0;0;;;;;;;;;;;;;;;;0;0;2;0;0;3;0;0;4;0;0;0;0;0;0;1;1;0;0;0;0;0;9
673;0;0;1;0;0;0;0;0;1;0;1;;;;;;;;;;;;;;;;0;0;4;1;0;0;0;0;2;0;5;0;0;0;0;1;0;0;0;0;0;1;11
674;0;0;0;1;1;1;0;0;1;0;0;;;;;;;;;;;;;;;;0;0;2;4;3;4;0;0;5;0;0;0;0;0;0;1;0;0;0;0;1;0;9
675;0;0;0;0;0;1;0;0;1;0;0;;;;;;;;;;;;;;;;0;0;0;0;0;3;0;0;5;0;0;0;0;0;0;2;0;1;0;0;0;0;9
676;0;0;1;1;0;0;1;0;1;0;0;;;;;;;;;;;;;;;;0;0;4;2;0;0;2;0;3;0;0;0;0;0;0;1;0;0;1;0;0;0;3
677;0;0;1;0;0;0;1;1;0;0;1;;;;;;;;;;;;;;;;2;0;3;0;0;0;3;3;0;0;4;0;0;0;0;1;0;0;0;0;1;0;3
678;0;0;1;1;0;0;0;0;1;0;1;;;;;;;;;;;;;;;;0;0;3;1;0;0;0;0;5;0;1;0;0;0;0;2;1;0;0;0;0;0;9
679;0;0;1;0;0;0;0;0;0;0;0;;;;;;;;;;;;;;;;0;0;5;2;0;0;0;0;2;0;2;0;0;0;0;1;1;0;0;0;0;0;3
680;1;0;1;0;0;0;0;0;0;0;1;;;;;;;;;;;;;;;;2;1;3;1;1;1;1;0;1;0;0;0;0;0;0;2;0;0;0;0;0;1;3
681;0;0;1;0;0;0;0;0;0;0;1;;;;;;;;;;;;;;;;2;1;4;1;1;0;0;1;0;1;3;0;0;0;0;1;0;0;0;0;0;1;11
682;0;0;0;0;0;0;0;0;0;0;0;1;;;;;;;;;;;;;;;0;1;2;0;0;0;1;2;0;0;4;0;0;0;0;1;0;0;0;0;0;1;1
683;0;0;1;1;0;0;0;0;1;0;0;;;;;;;;;;;;;;;;0;0;3;3;0;0;0;0;4;0;0;0;0;0;0;1;0;0;1;0;0;0;9
684;0;0;1;1;1;1;0;0;1;0;0;;;;;;;;;;;;;;;;0;0;4;5;2;2;0;0;4;0;0;0;0;0;0;1;0;0;0;0;0;1;3
685;0;0;1;0;0;0;0;0;1;0;0;;;;;;;;;;;;;;;;0;0;5;1;0;2;0;0;3;1;1;0;0;0;0;1;0;0;1;0;0;0;3
686;0;0;0;0;0;0;0;0;0;0;0;1;;;;;;;;;;;;;;;0;0;0;0;0;0;0;0;0;0;0;1;0;0;0;1;0;0;0;0;1;0;
687;0;0;1;0;0;0;0;0;0;0;1;;;;;;;;;;;;;;;;1;0;5;1;1;0;0;0;0;0;4;0;0;0;0;1;0;0;0;0;0;1;3
688;0;0;0;1;0;0;0;0;1;0;0;;;;;;;;;;;;;;;;1;0;1;2;1;2;1;0;5;0;3;0;0;0;0;2;1;0;0;0;0;0;9
689;0;0;0;1;1;1;0;1;1;0;0;;;;;;;;;;;;;;;;0;0;0;5;3;3;0;4;5;0;0;0;0;0;0;1;1;0;0;0;0;0;9
690;1;0;0;0;0;0;0;0;0;0;0;;;;;;;;;;;;;;;;2;0;5;1;0;0;0;0;0;0;1;0;0;0;0;1;0;0;1;0;0;0;3
691;0;0;0;1;0;0;0;0;1;1;0;;;;;;;;;;;;;;;;2;0;3;4;2;3;2;3;5;5;0;0;0;0;0;1;0;0;0;0;1;0;9
692;1;0;0;1;0;0;0;0;0;0;0;;;;;;;;;;;;;;;;5;0;0;3;0;0;0;0;0;0;0;0;0;0;0;2;0;0;0;1;0;0;1
693;0;0;1;1;0;0;0;0;0;0;0;;;;;;;;;;;;;;;;0;0;5;4;0;2;0;0;3;0;0;0;0;0;0;2;0;1;0;0;0;0;3
694;0;0;1;1;0;1;0;0;0;0;0;;;;;;;;;;;;;;;;0;0;4;3;0;2;0;0;0;0;1;0;0;0;0;2;0;0;0;1;0;0;3
695;0;0;0;1;0;0;0;0;1;0;0;;;;;;;;;;;;;;;;0;0;3;4;0;0;0;0;5;0;0;0;0;0;0;2;0;0;1;0;0;0;9
696;1;0;1;1;1;1;0;0;1;0;0;;;;;;;;;;;;;;;;4;0;4;5;5;5;1;0;5;3;0;0;0;0;0;2;0;0;0;1;0;0;9
697;0;0;1;1;0;0;0;0;0;0;0;;;;;;;;;;;;;;;;0;0;5;2;0;0;0;0;0;0;0;0;0;0;0;1;0;0;0;0;1;0;3
698;0;0;1;1;0;0;0;0;1;0;0;;;;;;;;;;;;;;;;0;0;5;2;0;0;0;0;2;0;0;0;0;0;0;1;0;0;1;0;0;0;3
699;0;1;0;0;0;0;0;0;0;0;1;;;;;;;;;;;;;;;;2;0;3;2;2;3;2;2;4;2;3;0;0;0;0;1;1;0;0;0;0;0;12
700;0;1;0;0;0;0;0;0;0;1;0;;;;;;;;;;;;;;;;0;4;0;0;0;0;0;0;1;2;0;0;0;0;0;2;0;0;0;1;0;0;2
701;0;0;1;1;0;0;0;0;1;0;0;;;;;;;;;;;;;;;;1;2;4;3;0;0;0;1;4;1;3;0;0;0;0;1;1;0;0;0;0;0;9
702;0;0;1;1;0;0;0;0;0;0;0;;;;;;;;;;;;;;;;0;0;3;1;0;1;0;0;1;0;0;0;0;0;0;1;0;0;1;0;0;0;3
703;0;0;1;1;1;1;0;1;0;0;0;;;;;;;;;;;;;;;;1;0;4;4;2;3;0;5;3;2;0;0;0;0;0;2;0;1;0;0;0;0;8
704;0;0;1;0;0;0;0;0;0;0;0;;;;;;;;;;;;;;;;0;0;4;2;0;0;0;0;0;0;1;0;0;0;0;2;0;0;1;0;0;0;3
705;0;0;0;1;0;1;0;0;1;0;0;;;;;;;;;;;;;;;;0;0;0;3;0;3;0;3;4;3;0;0;0;0;0;1;1;0;0;0;0;0;9
706;0;0;0;1;0;0;0;0;1;0;0;;;;;;;;;;;;;;;;0;0;1;3;1;1;0;1;4;0;0;0;0;0;0;1;0;1;0;0;0;0;9
707;0;0;0;0;1;1;1;0;1;0;0;;;;;;;;;;;;;;;;2;1;1;2;4;3;3;2;3;2;1;0;0;0;0;1;1;0;0;0;0;0;9
708;0;0;0;1;0;0;0;0;1;0;0;;;;;;;;;;;;;;;;0;0;0;5;1;1;0;0;4;0;0;0;0;0;0;2;0;0;1;0;0;0;4
709;0;0;1;1;0;0;0;0;1;0;0;;;;;;;;;;;;;;;;0;0;4;5;1;2;0;0;3;0;0;0;0;0;0;2;0;0;1;0;0;0;4
710;1;1;0;0;0;0;0;0;0;0;0;;;;;;;;;;;;;;;;0;0;0;0;0;0;0;0;0;0;0;1;0;0;0;2;1;0;0;0;0;0;12
711;0;0;1;0;0;0;0;0;1;0;1;;;;;;;;;;;;;;;;2;3;4;0;0;0;0;0;5;0;5;0;0;0;0;2;0;0;0;1;0;0;9
;;;;;;;;;;;;;;;;;;;;;;;;;;;;;;;;;;;;;;;;;;;;;;;;;
